Address:,USB0::0x0957::0x179B::MY54313421::0::INSTR,,Analog Channels,,,
Model:,DSO-X 2002A,,Time (s),1 (VOLT),2 (VOLT),
Serial Number:,MY54313421,,-0.04203125,-0.0345200350275263,-0.00447228958364576,
Firmware Version:,02.66.2024012316,,-0.0419791666675,-0.0345200350275263,-0.00447228958364576,
Start Time:,2025-06-09 16:46:11.335,,-0.041927083335,-0.0345200350275263,-0.00410043023293838,
,,,-0.0418750000025,-0.033464758656919,-0.00410043023293838,
Analog Sample Count:,959,,-0.04182291667,-0.0345200350275263,-0.00410043023293838,
Function Sample Count:,0,,-0.0417708333375,-0.0345200350275263,-0.00410043023293838,
Waveform Memory Sample Count:,0,,-0.041718750005,-0.0345200350275263,-0.00410043023293838,
Digital Sample Count:,0,,-0.0416666666725,-0.033464758656919,-0.00410043023293838,
,,,-0.04161458334,-0.0345200350275263,-0.00410043023293838,
Setup Text Information:,,,-0.0415625000075,-0.0345200350275263,-0.00410043023293838,
ANALOG,,,-0.041510416675,-0.0345200350275263,-0.00410043023293838,
Channel 1,,,-0.0414583333425,-0.0345200350275263,-0.00410043023293838,
Scale,420 mV/,,-0.04140625001,-0.033464758656919,-0.00410043023293838,
Pos,1.3595 V,,-0.0413541666775,-0.033464758656919,-0.00410043023293838,
Coup,,,-0.041302083345,-0.0345200350275263,-0.00410043023293838,
BW,Off,,-0.0412500000125,-0.0345200350275263,-0.00410043023293838,
Inv,Off,,-0.04119791668,-0.0345200350275263,-0.00410043023293838,
Imp,1M Ohm,,-0.0411458333475,-0.033464758656919,-0.00410043023293838,
Trace Label,1,,-0.041093750015,-0.0345200350275263,-0.00447228958364576,
Probe,1,,-0.0410416666825,-0.0345200350275263,-0.00410043023293838,
Skew,0 s,,-0.04098958335,-0.033464758656919,-0.00410043023293838,
,,,-0.0409375000175,-0.033464758656919,-0.00410043023293838,
Channel 2,,,-0.040885416685,-0.0345200350275263,-0.00447228958364576,
Scale,148 mV/,,-0.0408333333525,-0.0345200350275263,-0.00410043023293838,
Pos,504.98 mV,,-0.04078125002,-0.033464758656919,-0.00410043023293838,
Coup,,,-0.0407291666875,-0.033464758656919,-0.00410043023293838,
BW,Off,,-0.040677083355,-0.033464758656919,-0.00410043023293838,
Inv,Off,,-0.0406250000225,-0.033464758656919,-0.00410043023293838,
Imp,1M Ohm,,-0.04057291669,-0.033464758656919,-0.00410043023293838,
Trace Label,2,,-0.0405208333575,-0.033464758656919,-0.00410043023293838,
Probe,1,,-0.040468750025,-0.033464758656919,-0.00410043023293838,
Skew,0 s,,-0.0404166666925,-0.0345200350275263,-0.00410043023293838,
,,,-0.04036458336,-0.033464758656919,-0.00410043023293838,
MATH,,,-0.0403125000275,-0.033464758656919,-0.00410043023293838,
REFERENCE WAVEFORM,,,-0.040260416695,-0.033464758656919,-0.00410043023293838,
TRIGGER,,,-0.0402083333625,-0.0345200350275263,-0.00410043023293838,
Sweep Mode,AUTO,,-0.04015625003,-0.0345200350275263,-0.00410043023293838,
Coup,DC,,-0.0401041666975,-0.0345200350275263,-0.00410043023293838,
Noise Rej,Off,,-0.040052083365,-0.0345200350275263,-0.00410043023293838,
HF Rej,Off,,-0.0400000000325,-0.0345200350275263,-0.00410043023293838,
Holdoff,40.0 ns,,-0.0399479167,-0.0355753113981336,-0.00410043023293838,
Mode,GLIT,,-0.0398958333675,-0.0345200350275263,-0.00410043023293838,
Source,CHAN1,,-0.039843750035,-0.0345200350275263,-0.00447228958364576,
Slope,POS,,-0.0397916667025,-0.0345200350275263,-0.00410043023293838,
Level,405 mV V,,-0.03973958337,-0.0355753113981336,-0.00410043023293838,
,,,-0.0396875000375,-0.0345200350275263,-0.00410043023293838,
HORIZONTAL,,,-0.039635416705,-0.033464758656919,-0.00410043023293838,
Mode,MAIN,,-0.0395833333725,-0.033464758656919,-0.00447228958364576,
Ref,CENT,,-0.03953125004,-0.033464758656919,-0.00410043023293838,
Main Scale,5 ms/,,-0.0394791667075,-0.0345200350275263,-0.00410043023293838,
Main Delay,-17 ms,,-0.039427083375,-0.033464758656919,-0.00410043023293838,
,,,-0.0393750000425,-0.0345200350275263,-0.00410043023293838,
ACQUISITION,,,-0.03932291671,-0.033464758656919,-0.00410043023293838,
Mode,HRES,,-0.0392708333775,-0.0345200350275263,-0.003728570882231,
RealTime,On,,-0.039218750045,-0.0345200350275263,-0.00410043023293838,
Vectors,On,,-0.0391666667125,-0.0345200350275263,-0.00447228958364576,
Persistence,Off,,-0.03911458338,-0.0345200350275263,-0.00447228958364576,
,,,-0.0390625000475,-0.0345200350275263,-0.00410043023293838,
,,,-0.039010416715,-0.033464758656919,-0.00447228958364576,
,,,-0.0389583333825,-0.0345200350275263,-0.00447228958364576,
,,,-0.03890625005,-0.0345200350275263,-0.00447228958364576,
,,,-0.0388541667175,-0.0345200350275263,-0.00410043023293838,
,,,-0.038802083385,-0.033464758656919,-0.00410043023293838,
,,,-0.0387500000525,-0.0345200350275263,-0.00447228958364576,
,,,-0.03869791672,-0.0345200350275263,-0.00410043023293838,
,,,-0.0386458333875,-0.0345200350275263,-0.00447228958364576,
,,,-0.038593750055,-0.033464758656919,-0.00447228958364576,
,,,-0.0385416667225,-0.0345200350275263,-0.00447228958364576,
,,,-0.03848958339,-0.033464758656919,-0.00410043023293838,
,,,-0.0384375000575,-0.033464758656919,-0.00410043023293838,
,,,-0.038385416725,-0.033464758656919,-0.00447228958364576,
,,,-0.0383333333925,-0.0324094822863117,-0.00447228958364576,
,,,-0.03828125006,-0.0324094822863117,-0.00410043023293838,
,,,-0.0382291667275,-0.0324094822863117,-0.00410043023293838,
,,,-0.038177083395,-0.033464758656919,-0.00410043023293838,
,,,-0.0381250000625,-0.033464758656919,-0.003728570882231,
,,,-0.03807291673,-0.0345200350275263,-0.00410043023293838,
,,,-0.0380208333975,-0.033464758656919,-0.00410043023293838,
,,,-0.037968750065,-0.0345200350275263,-0.00410043023293838,
,,,-0.0379166667325,-0.0345200350275263,-0.00410043023293838,
,,,-0.0378645834,-0.033464758656919,-0.00447228958364576,
,,,-0.0378125000675,-0.0345200350275263,-0.00447228958364576,
,,,-0.037760416735,-0.0355753113981336,-0.00410043023293838,
,,,-0.0377083334025,-0.0345200350275263,-0.00447228958364576,
,,,-0.03765625007,-0.0345200350275263,-0.00447228958364576,
,,,-0.0376041667375,-0.0345200350275263,-0.00447228958364576,
,,,-0.037552083405,-0.0345200350275263,-0.00447228958364576,
,,,-0.0375000000725,-0.0345200350275263,-0.00447228958364576,
,,,-0.03744791674,-0.033464758656919,-0.00410043023293838,
,,,-0.0373958334075,-0.033464758656919,-0.00410043023293838,
,,,-0.037343750075,-0.0345200350275263,-0.00410043023293838,
,,,-0.0372916667425,-0.0345200350275263,-0.00447228958364576,
,,,-0.03723958341,-0.0345200350275263,-0.00410043023293838,
,,,-0.0371875000775,-0.0345200350275263,-0.00410043023293838,
,,,-0.037135416745,-0.033464758656919,-0.00410043023293838,
,,,-0.0370833334125,-0.0345200350275263,-0.00410043023293838,
,,,-0.03703125008,-0.0355753113981336,-0.00447228958364576,
,,,-0.0369791667475,-0.0345200350275263,-0.00410043023293838,
,,,-0.036927083415,-0.0345200350275263,-0.00410043023293838,
,,,-0.0368750000825,-0.0345200350275263,-0.00410043023293838,
,,,-0.03682291675,-0.033464758656919,-0.00410043023293838,
,,,-0.0367708334175,-0.0345200350275263,-0.00410043023293838,
,,,-0.036718750085,-0.0345200350275263,-0.00410043023293838,
,,,-0.0366666667525,-0.033464758656919,-0.00410043023293838,
,,,-0.03661458342,-0.033464758656919,-0.00410043023293838,
,,,-0.0365625000875,-0.0345200350275263,-0.00447228958364576,
,,,-0.036510416755,-0.033464758656919,-0.00410043023293838,
,,,-0.0364583334225,-0.033464758656919,-0.00410043023293838,
,,,-0.03640625009,-0.0345200350275263,-0.00410043023293838,
,,,-0.0363541667575,-0.0345200350275263,-0.00447228958364576,
,,,-0.036302083425,-0.033464758656919,-0.00410043023293838,
,,,-0.0362500000925,-0.033464758656919,-0.00410043023293838,
,,,-0.03619791676,-0.033464758656919,-0.00447228958364576,
,,,-0.0361458334275,-0.033464758656919,-0.00447228958364576,
,,,-0.036093750095,-0.0345200350275263,-0.00410043023293838,
,,,-0.0360416667625,-0.0345200350275263,-0.00410043023293838,
,,,-0.03598958343,-0.033464758656919,-0.00447228958364576,
,,,-0.0359375000975,-0.033464758656919,-0.00447228958364576,
,,,-0.035885416765,-0.033464758656919,-0.00410043023293838,
,,,-0.0358333334325,-0.033464758656919,-0.00447228958364576,
,,,-0.0357812501,-0.033464758656919,-0.00410043023293838,
,,,-0.0357291667675,-0.033464758656919,-0.00447228958364576,
,,,-0.035677083435,-0.033464758656919,-0.00410043023293838,
,,,-0.0356250001025,-0.033464758656919,-0.00410043023293838,
,,,-0.03557291677,-0.033464758656919,-0.00447228958364576,
,,,-0.0355208334375,-0.033464758656919,-0.00410043023293838,
,,,-0.035468750105,-0.033464758656919,-0.00447228958364576,
,,,-0.0354166667725,-0.033464758656919,-0.00410043023293838,
,,,-0.03536458344,-0.0324094822863117,-0.00410043023293838,
,,,-0.0353125001075,-0.0345200350275263,-0.00410043023293838,
,,,-0.035260416775,-0.033464758656919,-0.00447228958364576,
,,,-0.0352083334425,-0.033464758656919,-0.00410043023293838,
,,,-0.03515625011,-0.033464758656919,-0.00447228958364576,
,,,-0.0351041667775,-0.0355753113981336,-0.00447228958364576,
,,,-0.035052083445,-0.0345200350275263,-0.00410043023293838,
,,,-0.0350000001125,-0.0345200350275263,-0.00447228958364576,
,,,-0.03494791678,-0.0345200350275263,-0.00447228958364576,
,,,-0.0348958334475,-0.0345200350275263,-0.00447228958364576,
,,,-0.034843750115,-0.033464758656919,-0.00447228958364576,
,,,-0.0347916667825,-0.033464758656919,-0.00447228958364576,
,,,-0.03473958345,-0.033464758656919,-0.00410043023293838,
,,,-0.0346875001175,-0.0345200350275263,-0.00447228958364576,
,,,-0.034635416785,-0.033464758656919,-0.00447228958364576,
,,,-0.0345833334525,-0.033464758656919,-0.00410043023293838,
,,,-0.03453125012,-0.033464758656919,-0.00410043023293838,
,,,-0.0344791667875,-0.0345200350275263,-0.00447228958364576,
,,,-0.034427083455,-0.0345200350275263,-0.00447228958364576,
,,,-0.0343750001225,-0.033464758656919,-0.00410043023293838,
,,,-0.03432291679,-0.033464758656919,-0.00447228958364576,
,,,-0.0342708334575,-0.033464758656919,-0.00447228958364576,
,,,-0.034218750125,-0.033464758656919,-0.00447228958364576,
,,,-0.0341666667925,-0.0345200350275263,-0.00410043023293838,
,,,-0.03411458346,-0.033464758656919,-0.00447228958364576,
,,,-0.0340625001275,-0.033464758656919,-0.00410043023293838,
,,,-0.034010416795,-0.033464758656919,-0.00410043023293838,
,,,-0.0339583334625,-0.033464758656919,-0.00410043023293838,
,,,-0.03390625013,-0.033464758656919,-0.00410043023293838,
,,,-0.0338541667975,-0.033464758656919,-0.00447228958364576,
,,,-0.033802083465,-0.0345200350275263,-0.00447228958364576,
,,,-0.0337500001325,-0.033464758656919,-0.00447228958364576,
,,,-0.0336979168,-0.0345200350275263,-0.00410043023293838,
,,,-0.0336458334675,-0.033464758656919,-0.00447228958364576,
,,,-0.033593750135,-0.0345200350275263,-0.00410043023293838,
,,,-0.0335416668025,-0.033464758656919,-0.00410043023293838,
,,,-0.03348958347,-0.0345200350275263,-0.00447228958364576,
,,,-0.0334375001375,-0.033464758656919,-0.00410043023293838,
,,,-0.033385416805,-0.033464758656919,-0.00410043023293838,
,,,-0.0333333334725,-0.0345200350275263,-0.00410043023293838,
,,,-0.03328125014,-0.0345200350275263,-0.00447228958364576,
,,,-0.0332291668075,-0.0345200350275263,-0.00447228958364576,
,,,-0.033177083475,-0.0345200350275263,-0.00410043023293838,
,,,-0.0331250001425,-0.0345200350275263,-0.00447228958364576,
,,,-0.03307291681,-0.033464758656919,-0.00447228958364576,
,,,-0.0330208334775,-0.033464758656919,-0.00447228958364576,
,,,-0.032968750145,-0.0345200350275263,-0.00447228958364576,
,,,-0.0329166668125,-0.033464758656919,-0.00447228958364576,
,,,-0.03286458348,-0.0355753113981336,-0.00447228958364576,
,,,-0.0328125001475,-0.0355753113981336,-0.00447228958364576,
,,,-0.032760416815,-0.0355753113981336,-0.00447228958364576,
,,,-0.0327083334825,-0.033464758656919,-0.00410043023293838,
,,,-0.03265625015,-0.0345200350275263,-0.00447228958364576,
,,,-0.0326041668175,-0.0345200350275263,-0.00447228958364576,
,,,-0.032552083485,-0.033464758656919,-0.00447228958364576,
,,,-0.0325000001525,-0.033464758656919,-0.00447228958364576,
,,,-0.03244791682,-0.033464758656919,-0.00447228958364576,
,,,-0.0323958334875,-0.0345200350275263,-0.00447228958364576,
,,,-0.032343750155,-0.0345200350275263,-0.00447228958364576,
,,,-0.0322916668225,-0.033464758656919,-0.00410043023293838,
,,,-0.03223958349,-0.033464758656919,-0.00410043023293838,
,,,-0.0321875001575,-0.033464758656919,-0.00410043023293838,
,,,-0.032135416825,-0.0355753113981336,-0.00410043023293838,
,,,-0.0320833334925,-0.033464758656919,-0.00447228958364576,
,,,-0.03203125016,-0.0345200350275263,-0.00447228958364576,
,,,-0.0319791668275,-0.0345200350275263,-0.00410043023293838,
,,,-0.031927083495,-0.0345200350275263,-0.00410043023293838,
,,,-0.0318750001625,-0.0345200350275263,-0.00410043023293838,
,,,-0.03182291683,-0.033464758656919,-0.00410043023293838,
,,,-0.0317708334975,-0.0345200350275263,-0.00410043023293838,
,,,-0.031718750165,-0.033464758656919,-0.00447228958364576,
,,,-0.0316666668325,-0.0345200350275263,-0.00410043023293838,
,,,-0.0316145835,-0.033464758656919,-0.00410043023293838,
,,,-0.0315625001675,-0.033464758656919,-0.00410043023293838,
,,,-0.031510416835,-0.033464758656919,-0.00410043023293838,
,,,-0.0314583335025,-0.033464758656919,-0.00447228958364576,
,,,-0.03140625017,-0.0345200350275263,-0.00447228958364576,
,,,-0.0313541668375,-0.0345200350275263,-0.00410043023293838,
,,,-0.031302083505,-0.0345200350275263,-0.00410043023293838,
,,,-0.0312500001725,2.04226386232767,0.446221243473701,
,,,-0.03119791684,2.04542969143949,0.525427285174374,
,,,-0.0311458335075,2.04754024418071,0.594964983756654,
,,,-0.031093750175,2.04965079692192,0.655578057921957,
,,,-0.0310416668425,2.05281662603375,0.708382085722405,
,,,-0.03098958351,2.05492717877496,0.753748926508706,
,,,-0.0309375001775,2.05598245514557,0.792422298982274,
,,,-0.030885416845,2.05703773151618,0.825517781195231,
,,,-0.0308333335125,2.05914828425739,0.853779091848992,
,,,-0.03078125018,2.060203560628,0.877578090294264,
,,,-0.0307291668475,2.06231411336921,0.897658495232463,
,,,-0.030677083515,2.06442466611043,0.914392166014295,
,,,-0.0306250001825,2.06547994248103,0.928150961990468,
,,,-0.03057291685,2.06653521885164,0.938934883160982,
,,,-0.0305208335175,2.06759049522225,0.947859507577959,
,,,-0.030468750185,2.06653521885164,0.954552975890692,
,,,-0.0304166668525,2.06864577159286,0.959759006800596,
,,,-0.03036458352,2.06864577159286,0.963105740956962,
,,,-0.0303125001875,2.07075632433407,0.965336897061206,
,,,-0.030260416855,2.07075632433407,0.966824334464036,
,,,-0.0302083335225,2.07181160070468,0.967196193814743,
,,,-0.03015625019,2.07181160070468,0.966824334464036,
,,,-0.0301041668575,2.07181160070468,0.965708756411914,
,,,-0.030052083525,2.07286687707528,0.964221319009084,
,,,-0.0300000001925,2.07392215344589,0.96199016290484,
,,,-0.02994791686,2.0749774298165,0.959759006800596,
,,,-0.0298958335275,2.0749774298165,0.957527850696351,
,,,-0.029843750195,2.0749774298165,0.9549248352414,
,,,-0.0297916668625,2.07603270618711,0.951949960435741,
,,,-0.02973958353,2.07603270618711,0.948975085630082,
,,,-0.0296875001975,2.07708798255771,0.94637207017513,
,,,-0.029635416865,2.07708798255771,0.943397195369471,
,,,-0.0295833335325,2.07919853529893,0.940422320563812,
,,,-0.0295312502,2.07814325892832,0.93781930510886,
,,,-0.0294791668675,2.07919853529893,0.935216289653908,
,,,-0.029427083535,2.08025381166954,0.932613274198957,
,,,-0.0293750002025,2.07919853529893,0.930010258744005,
,,,-0.02932291687,2.07919853529893,0.927779102639761,
,,,-0.0292708335375,2.08130908804014,0.925176087184809,
,,,-0.029218750205,2.08130908804014,0.923316790431272,
,,,-0.0291666668725,2.08236436441075,0.921457493677735,
,,,-0.02911458354,2.08236436441075,0.919226337573491,
,,,-0.0290625002075,2.08341964078136,0.917367040819954,
,,,-0.029010416875,2.08341964078136,0.915879603417125,
,,,-0.0289583335425,2.08447491715197,0.914392166014295,
,,,-0.02890625021,2.08447491715197,0.912904728611466,
,,,-0.0288541668775,2.08553019352257,0.911417291208636,
,,,-0.028802083545,2.08553019352257,0.910301713156514,
,,,-0.0287500002125,2.08658546989318,0.909186135104392,
,,,-0.02869791688,2.08658546989318,0.908442416402977,
,,,-0.0286458335475,2.08658546989318,0.907326838350855,
,,,-0.028593750215,2.08658546989318,0.906211260298733,
,,,-0.0285416668825,2.08658546989318,0.905467541597318,
,,,-0.02848958355,2.08764074626379,0.904723822895903,
,,,-0.0284375002175,2.08764074626379,0.904351963545196,
,,,-0.028385416885,2.08764074626379,0.903608244843781,
,,,-0.0283333335525,2.08764074626379,0.903236385493074,
,,,-0.02828125022,2.08764074626379,0.902864526142366,
,,,-0.0282291668875,2.089751299005,0.902120807440951,
,,,-0.028177083555,2.089751299005,0.901748948090244,
,,,-0.0281250002225,2.09080657537561,0.901377088739537,
,,,-0.02807291689,2.09080657537561,0.901005229388829,
,,,-0.0280208335575,2.09186185174622,0.900633370038122,
,,,-0.027968750225,2.09080657537561,0.900633370038122,
,,,-0.0279166668925,2.09186185174622,0.900261510687415,
,,,-0.02786458356,2.09186185174622,0.900261510687415,
,,,-0.0278125002275,2.09291712811682,0.900261510687415,
,,,-0.027760416895,2.09291712811682,0.899889651336707,
,,,-0.0277083335625,2.09397240448743,0.899889651336707,
,,,-0.02765625023,2.09502768085804,0.899889651336707,
,,,-0.0276041668975,2.09397240448743,0.899889651336707,
,,,-0.027552083565,2.09397240448743,0.899889651336707,
,,,-0.0275000002325,2.09502768085804,0.899517791986,
,,,-0.0274479169,2.09502768085804,0.899889651336707,
,,,-0.0273958335675,2.09502768085804,0.899889651336707,
,,,-0.027343750235,2.09608295722865,0.899889651336707,
,,,-0.0272916669025,2.09502768085804,0.899889651336707,
,,,-0.02723958357,2.09608295722865,0.899889651336707,
,,,-0.0271875002375,2.09713823359925,0.899517791986,
,,,-0.027135416905,2.09713823359925,0.899889651336707,
,,,-0.0270833335725,2.09713823359925,0.899889651336707,
,,,-0.02703125024,2.09713823359925,0.899889651336707,
,,,-0.0269791669075,2.09713823359925,0.899889651336707,
,,,-0.026927083575,2.09819350996986,0.899889651336707,
,,,-0.0268750002425,2.09819350996986,0.899889651336707,
,,,-0.02682291691,2.09819350996986,0.900261510687415,
,,,-0.0267708335775,2.09819350996986,0.900261510687415,
,,,-0.026718750245,2.09819350996986,0.900261510687415,
,,,-0.0266666669125,2.09924878634047,0.900261510687415,
,,,-0.02661458358,2.09924878634047,0.900261510687415,
,,,-0.0265625002475,2.09924878634047,0.900261510687415,
,,,-0.026510416915,2.10135933908168,0.900633370038122,
,,,-0.0264583335825,2.10030406271107,0.900633370038122,
,,,-0.02640625025,2.10135933908168,0.901005229388829,
,,,-0.0263541669175,2.10135933908168,0.900633370038122,
,,,-0.026302083585,2.10135933908168,0.900633370038122,
,,,-0.0262500002525,2.10135933908168,0.901005229388829,
,,,-0.02619791692,2.10135933908168,0.901005229388829,
,,,-0.0261458335875,2.10241461545229,0.901377088739537,
,,,-0.026093750255,2.10135933908168,0.901005229388829,
,,,-0.0260416669225,2.10241461545229,0.901377088739537,
,,,-0.02598958359,2.10241461545229,0.901005229388829,
,,,-0.0259375002575,2.1034698918229,0.901005229388829,
,,,-0.025885416925,2.1034698918229,0.901377088739537,
,,,-0.0258333335925,2.1045251681935,0.901377088739537,
,,,-0.02578125026,2.1034698918229,0.901377088739537,
,,,-0.0257291669275,2.1034698918229,0.901377088739537,
,,,-0.025677083595,2.1045251681935,0.901748948090244,
,,,-0.0256250002625,2.1045251681935,0.901377088739537,
,,,-0.02557291693,2.1045251681935,0.901748948090244,
,,,-0.0255208335975,2.10558044456411,0.901377088739537,
,,,-0.025468750265,2.10558044456411,0.901748948090244,
,,,-0.0254166669325,2.10558044456411,0.902120807440951,
,,,-0.0253645836,2.10663572093472,0.901748948090244,
,,,-0.0253125002675,2.10663572093472,0.901748948090244,
,,,-0.025260416935,2.10663572093472,0.902120807440951,
,,,-0.0252083336025,2.10663572093472,0.901748948090244,
,,,-0.02515625027,2.10663572093472,0.902120807440951,
,,,-0.0251041669375,2.10769099730533,0.902120807440951,
,,,-0.025052083605,2.10769099730533,0.902120807440951,
,,,-0.0250000002725,2.10769099730533,0.902492666791659,
,,,-0.02494791694,2.10769099730533,0.902492666791659,
,,,-0.0248958336075,2.10874627367593,0.902492666791659,
,,,-0.024843750275,2.10874627367593,0.902492666791659,
,,,-0.0247916669425,2.10874627367593,0.902492666791659,
,,,-0.02473958361,2.10874627367593,0.902492666791659,
,,,-0.0246875002775,2.10980155004654,0.902492666791659,
,,,-0.024635416945,2.10874627367593,0.902492666791659,
,,,-0.0245833336125,2.10874627367593,0.902492666791659,
,,,-0.02453125028,2.10874627367593,0.902492666791659,
,,,-0.0244791669475,2.10980155004654,0.902864526142366,
,,,-0.024427083615,2.10980155004654,0.902492666791659,
,,,-0.0243750002825,2.11085682641715,0.902864526142366,
,,,-0.02432291695,2.10980155004654,0.902864526142366,
,,,-0.0242708336175,2.11085682641715,0.902864526142366,
,,,-0.024218750285,2.11085682641715,0.902864526142366,
,,,-0.0241666669525,2.11191210278776,0.903236385493074,
,,,-0.02411458362,2.11191210278776,0.902864526142366,
,,,-0.0240625002875,2.11191210278776,0.903236385493074,
,,,-0.024010416955,2.11191210278776,0.903236385493074,
,,,-0.0239583336225,2.11191210278776,0.903236385493074,
,,,-0.02390625029,2.11191210278776,0.903236385493074,
,,,-0.0238541669575,2.11296737915836,0.903236385493074,
,,,-0.023802083625,2.11296737915836,0.903608244843781,
,,,-0.0237500002925,2.11402265552897,0.903608244843781,
,,,-0.02369791696,2.11296737915836,0.903608244843781,
,,,-0.0236458336275,2.11402265552897,0.903608244843781,
,,,-0.023593750295,2.11507793189958,0.903608244843781,
,,,-0.0235416669625,2.11402265552897,0.903236385493074,
,,,-0.02348958363,2.11402265552897,0.903608244843781,
,,,-0.0234375002975,2.11402265552897,0.903608244843781,
,,,-0.023385416965,2.11507793189958,0.903608244843781,
,,,-0.0233333336325,2.11402265552897,0.903608244843781,
,,,-0.0232812503,2.11402265552897,0.903608244843781,
,,,-0.0232291669675,2.11507793189958,0.903608244843781,
,,,-0.023177083635,2.11613320827018,0.903980104194488,
,,,-0.0231250003025,2.11507793189958,0.903980104194488,
,,,-0.02307291697,2.11507793189958,0.903980104194488,
,,,-0.0230208336375,2.11402265552897,0.903608244843781,
,,,-0.022968750305,2.11507793189958,0.903980104194488,
,,,-0.0229166669725,2.11507793189958,0.903608244843781,
,,,-0.02286458364,2.11613320827018,0.903980104194488,
,,,-0.0228125003075,2.11718848464079,0.903980104194488,
,,,-0.022760416975,2.11613320827018,0.903980104194488,
,,,-0.0227083336425,2.11718848464079,0.903980104194488,
,,,-0.02265625031,2.11718848464079,0.903980104194488,
,,,-0.0226041669775,2.11613320827018,0.903980104194488,
,,,-0.022552083645,2.1182437610114,0.904351963545196,
,,,-0.0225000003125,2.1182437610114,0.903980104194488,
,,,-0.02244791698,2.11718848464079,0.904351963545196,
,,,-0.0223958336475,2.11718848464079,0.903980104194488,
,,,-0.022343750315,2.1182437610114,0.904351963545196,
,,,-0.0222916669825,2.1182437610114,0.904351963545196,
,,,-0.02223958365,2.1182437610114,0.904351963545196,
,,,-0.0221875003175,2.11929903738201,0.904351963545196,
,,,-0.022135416985,2.11929903738201,0.904351963545196,
,,,-0.0220833336525,2.11929903738201,0.904351963545196,
,,,-0.02203125032,2.11929903738201,0.904351963545196,
,,,-0.0219791669875,2.12035431375261,0.904351963545196,
,,,-0.021927083655,2.11929903738201,0.904351963545196,
,,,-0.0218750003225,2.12035431375261,0.904351963545196,
,,,-0.02182291699,2.12035431375261,0.904723822895903,
,,,-0.0217708336575,2.12035431375261,0.904723822895903,
,,,-0.021718750325,2.12035431375261,0.904351963545196,
,,,-0.0216666669925,2.12035431375261,0.904723822895903,
,,,-0.02161458366,2.12035431375261,0.904723822895903,
,,,-0.0215625003275,2.12035431375261,0.904723822895903,
,,,-0.021510416995,2.12035431375261,0.904723822895903,
,,,-0.0214583336625,2.12035431375261,0.904723822895903,
,,,-0.02140625033,2.12140959012322,0.904723822895903,
,,,-0.0213541669975,2.12246486649383,0.904723822895903,
,,,-0.021302083665,2.12140959012322,0.904723822895903,
,,,-0.0212500003325,2.12140959012322,0.904723822895903,
,,,-0.021197917,2.12140959012322,0.904723822895903,
,,,-0.0211458336675,2.12246486649383,0.905095682246611,
,,,-0.021093750335,2.12246486649383,0.904723822895903,
,,,-0.0210416670025,2.12246486649383,0.905095682246611,
,,,-0.02098958367,2.12246486649383,0.904723822895903,
,,,-0.0209375003375,2.12246486649383,0.904723822895903,
,,,-0.020885417005,2.12246486649383,0.905095682246611,
,,,-0.0208333336725,2.12246486649383,0.905095682246611,
,,,-0.02078125034,2.12246486649383,0.905095682246611,
,,,-0.0207291670075,2.12246486649383,0.904723822895903,
,,,-0.020677083675,2.12246486649383,0.904723822895903,
,,,-0.0206250003425,2.12352014286444,0.905095682246611,
,,,-0.02057291701,2.12457541923504,0.905095682246611,
,,,-0.0205208336775,2.12457541923504,0.904723822895903,
,,,-0.020468750345,2.12352014286444,0.905095682246611,
,,,-0.0204166670125,2.12352014286444,0.905095682246611,
,,,-0.02036458368,2.12352014286444,0.905095682246611,
,,,-0.0203125003475,2.12352014286444,0.905095682246611,
,,,-0.020260417015,2.12457541923504,0.905095682246611,
,,,-0.0202083336825,2.12457541923504,0.905095682246611,
,,,-0.02015625035,2.12563069560565,0.905467541597318,
,,,-0.0201041670175,2.12457541923504,0.905467541597318,
,,,-0.020052083685,2.12563069560565,0.905095682246611,
,,,-0.0200000003525,2.12563069560565,0.905095682246611,
,,,-0.01994791702,2.12563069560565,0.905095682246611,
,,,-0.0198958336875,2.12563069560565,0.905095682246611,
,,,-0.019843750355,2.12668597197626,0.905467541597318,
,,,-0.0197916670225,2.12668597197626,0.905467541597318,
,,,-0.01973958369,2.12774124834687,0.905467541597318,
,,,-0.0196875003575,2.12774124834687,0.905467541597318,
,,,-0.019635417025,2.12668597197626,0.905467541597318,
,,,-0.0195833336925,2.12879652471747,0.905467541597318,
,,,-0.01953125036,2.12879652471747,0.905467541597318,
,,,-0.0194791670275,2.12879652471747,0.905467541597318,
,,,-0.019427083695,2.12774124834687,0.905467541597318,
,,,-0.0193750003625,2.12879652471747,0.905467541597318,
,,,-0.01932291703,2.12879652471747,0.905467541597318,
,,,-0.0192708336975,2.12879652471747,0.905467541597318,
,,,-0.019218750365,2.12985180108808,0.905467541597318,
,,,-0.0191666670325,2.12879652471747,0.905467541597318,
,,,-0.0191145837,2.12879652471747,0.905467541597318,
,,,-0.0190625003675,2.12879652471747,0.905467541597318,
,,,-0.019010417035,2.12879652471747,0.905839400948025,
,,,-0.0189583337025,2.12879652471747,0.905467541597318,
,,,-0.01890625037,2.12985180108808,0.905467541597318,
,,,-0.0188541670375,2.12985180108808,0.905839400948025,
,,,-0.018802083705,2.12879652471747,0.905839400948025,
,,,-0.0187500003725,2.12985180108808,0.905839400948025,
,,,-0.01869791704,2.13090707745869,0.905839400948025,
,,,-0.0186458337075,2.12879652471747,0.905467541597318,
,,,-0.018593750375,2.12985180108808,0.905467541597318,
,,,-0.0185416670425,2.12879652471747,0.905839400948025,
,,,-0.01848958371,2.12985180108808,0.905839400948025,
,,,-0.0184375003775,2.13090707745869,0.905839400948025,
,,,-0.018385417045,2.12985180108808,0.905467541597318,
,,,-0.0183333337125,2.13090707745869,0.905839400948025,
,,,-0.01828125038,2.13090707745869,0.905839400948025,
,,,-0.0182291670475,2.13090707745869,0.905839400948025,
,,,-0.018177083715,2.13090707745869,0.905839400948025,
,,,-0.0181250003825,2.13196235382929,0.905839400948025,
,,,-0.01807291705,2.13196235382929,0.905839400948025,
,,,-0.0180208337175,2.13090707745869,0.905839400948025,
,,,-0.017968750385,2.13090707745869,0.905839400948025,
,,,-0.0179166670525,2.13090707745869,0.905839400948025,
,,,-0.01786458372,2.13090707745869,0.905839400948025,
,,,-0.0178125003875,2.13196235382929,0.905839400948025,
,,,-0.017760417055,2.1330176301999,0.905839400948025,
,,,-0.0177083337225,2.1330176301999,0.906211260298733,
,,,-0.01765625039,2.1330176301999,0.905839400948025,
,,,-0.0176041670575,2.13407290657051,0.905839400948025,
,,,-0.017552083725,2.13407290657051,0.905839400948025,
,,,-0.0175000003925,2.1330176301999,0.905839400948025,
,,,-0.01744791706,2.1330176301999,0.906211260298733,
,,,-0.0173958337275,2.1330176301999,0.906211260298733,
,,,-0.017343750395,2.13407290657051,0.905839400948025,
,,,-0.0172916670625,2.13512818294112,0.905839400948025,
,,,-0.01723958373,2.13407290657051,0.906211260298733,
,,,-0.0171875003975,2.13407290657051,0.906211260298733,
,,,-0.017135417065,2.1330176301999,0.905839400948025,
,,,-0.0170833337325,2.13512818294112,0.906211260298733,
,,,-0.0170312504,2.13512818294112,0.906211260298733,
,,,-0.0169791670675,2.13407290657051,0.906211260298733,
,,,-0.016927083735,2.13407290657051,0.905839400948025,
,,,-0.0168750004025,2.13512818294112,0.905839400948025,
,,,-0.01682291707,2.13512818294112,0.905839400948025,
,,,-0.0167708337375,2.13512818294112,0.905839400948025,
,,,-0.016718750405,2.13512818294112,0.905839400948025,
,,,-0.0166666670725,2.13512818294112,0.906211260298733,
,,,-0.01661458374,2.13512818294112,0.905839400948025,
,,,-0.0165625004075,2.13618345931172,0.906211260298733,
,,,-0.016510417075,2.13618345931172,0.906211260298733,
,,,-0.0164583337425,2.13618345931172,0.906211260298733,
,,,-0.01640625041,2.13618345931172,0.906211260298733,
,,,-0.0163541670775,2.13618345931172,0.906211260298733,
,,,-0.016302083745,2.13618345931172,0.90658311964944,
,,,-0.0162500004125,2.13723873568233,0.906211260298733,
,,,-0.01619791708,2.13512818294112,0.906211260298733,
,,,-0.0161458337475,2.13618345931172,0.906211260298733,
,,,-0.016093750415,2.13618345931172,0.906211260298733,
,,,-0.0160416670825,2.13618345931172,0.906211260298733,
,,,-0.01598958375,2.13723873568233,0.906211260298733,
,,,-0.0159375004175,2.13723873568233,0.906211260298733,
,,,-0.015885417085,2.13618345931172,0.906211260298733,
,,,-0.0158333337525,2.13723873568233,0.906211260298733,
,,,-0.01578125042,2.13723873568233,0.906211260298733,
,,,-0.0157291670875,2.13829401205294,0.906211260298733,
,,,-0.015677083755,2.13934928842355,0.906211260298733,
,,,-0.0156250004225,2.13829401205294,0.906211260298733,
,,,-0.01557291709,2.13829401205294,0.906211260298733,
,,,-0.0155208337575,2.13829401205294,0.90658311964944,
,,,-0.015468750425,2.13829401205294,0.906211260298733,
,,,-0.0154166670925,2.13934928842355,0.906211260298733,
,,,-0.01536458376,2.13934928842355,0.906211260298733,
,,,-0.0153125004275,2.14040456479415,0.906211260298733,
,,,-0.015260417095,2.13934928842355,0.906211260298733,
,,,-0.0152083337625,2.13934928842355,0.906211260298733,
,,,-0.01515625043,2.13829401205294,0.906211260298733,
,,,-0.0151041670975,2.13934928842355,0.906211260298733,
,,,-0.015052083765,2.13934928842355,0.906211260298733,
,,,-0.0150000004325,2.13934928842355,0.906211260298733,
,,,-0.0149479171,2.13934928842355,0.906211260298733,
,,,-0.0148958337675,2.13934928842355,0.906211260298733,
,,,-0.014843750435,2.14040456479415,0.906211260298733,
,,,-0.0147916671025,2.14040456479415,0.90658311964944,
,,,-0.01473958377,2.13934928842355,0.90658311964944,
,,,-0.0146875004375,2.14040456479415,0.906211260298733,
,,,-0.014635417105,2.14040456479415,0.90658311964944,
,,,-0.0145833337725,2.14040456479415,0.906211260298733,
,,,-0.01453125044,2.14040456479415,0.906211260298733,
,,,-0.0144791671075,2.14040456479415,0.906211260298733,
,,,-0.014427083775,2.14040456479415,0.906211260298733,
,,,-0.0143750004425,2.14145984116476,0.906211260298733,
,,,-0.01432291711,2.14145984116476,0.90658311964944,
,,,-0.0142708337775,2.14145984116476,0.906211260298733,
,,,-0.014218750445,2.14145984116476,0.906211260298733,
,,,-0.0141666671125,2.14040456479415,0.906211260298733,
,,,-0.01411458378,2.14251511753537,0.90658311964944,
,,,-0.0140625004475,2.14145984116476,0.906211260298733,
,,,-0.014010417115,2.14145984116476,0.906211260298733,
,,,-0.0139583337825,2.14251511753537,0.906211260298733,
,,,-0.01390625045,2.14145984116476,0.90658311964944,
,,,-0.0138541671175,2.14145984116476,0.906211260298733,
,,,-0.013802083785,2.14251511753537,0.90658311964944,
,,,-0.0137500004525,2.14357039390597,0.90658311964944,
,,,-0.01369791712,2.14251511753537,0.906211260298733,
,,,-0.0136458337875,2.14251511753537,0.90658311964944,
,,,-0.013593750455,2.14251511753537,0.906211260298733,
,,,-0.0135416671225,2.14145984116476,0.90658311964944,
,,,-0.01348958379,2.14145984116476,0.90658311964944,
,,,-0.0134375004575,2.14251511753537,0.90658311964944,
,,,-0.013385417125,2.14251511753537,0.906211260298733,
,,,-0.0133333337925,2.14357039390597,0.90658311964944,
,,,-0.01328125046,2.14357039390597,0.90658311964944,
,,,-0.0132291671275,2.14251511753537,0.90658311964944,
,,,-0.013177083795,2.14357039390597,0.90658311964944,
,,,-0.0131250004625,2.14357039390597,0.90658311964944,
,,,-0.01307291713,2.14462567027658,0.906211260298733,
,,,-0.0130208337975,2.14357039390597,0.90658311964944,
,,,-0.012968750465,2.14357039390597,0.906211260298733,
,,,-0.0129166671325,2.14462567027658,0.90658311964944,
,,,-0.0128645838,2.14357039390597,0.906211260298733,
,,,-0.0128125004675,2.14357039390597,0.90658311964944,
,,,-0.012760417135,2.14462567027658,0.906211260298733,
,,,-0.0127083338025,2.14568094664719,0.906211260298733,
,,,-0.01265625047,2.14568094664719,0.906211260298733,
,,,-0.0126041671375,2.14568094664719,0.90658311964944,
,,,-0.012552083805,2.1467362230178,0.90658311964944,
,,,-0.0125000004725,2.14568094664719,0.906211260298733,
,,,-0.01244791714,2.14462567027658,0.90658311964944,
,,,-0.0123958338075,2.14568094664719,0.90658311964944,
,,,-0.012343750475,2.14462567027658,0.90658311964944,
,,,-0.0122916671425,2.14462567027658,0.90658311964944,
,,,-0.01223958381,2.14568094664719,0.90658311964944,
,,,-0.0121875004775,2.14568094664719,0.90658311964944,
,,,-0.012135417145,2.1467362230178,0.906211260298733,
,,,-0.0120833338125,2.14568094664719,0.90658311964944,
,,,-0.01203125048,2.1467362230178,0.90658311964944,
,,,-0.0119791671475,2.1467362230178,0.906211260298733,
,,,-0.011927083815,2.1467362230178,0.906211260298733,
,,,-0.0118750004825,2.1467362230178,0.906211260298733,
,,,-0.01182291715,2.1467362230178,0.90658311964944,
,,,-0.0117708338175,2.1477914993884,0.906211260298733,
,,,-0.011718750485,2.1477914993884,0.906211260298733,
,,,-0.0116666671525,2.1477914993884,0.90658311964944,
,,,-0.01161458382,2.14884677575901,0.90658311964944,
,,,-0.0115625004875,2.1477914993884,0.90658311964944,
,,,-0.011510417155,2.1477914993884,0.906211260298733,
,,,-0.0114583338225,2.1477914993884,0.906211260298733,
,,,-0.01140625049,2.14884677575901,0.906211260298733,
,,,-0.0113541671575,2.14884677575901,0.906211260298733,
,,,-0.011302083825,2.1477914993884,0.906211260298733,
,,,-0.0112500004925,2.14990205212962,0.906211260298733,
,,,-0.01119791716,2.14990205212962,0.906211260298733,
,,,-0.0111458338275,2.14990205212962,0.906211260298733,
,,,-0.011093750495,2.14990205212962,0.906211260298733,
,,,-0.0110416671625,2.14990205212962,0.906211260298733,
,,,-0.01098958383,2.14884677575901,0.906211260298733,
,,,-0.0109375004975,2.14990205212962,0.90658311964944,
,,,-0.010885417165,2.14990205212962,0.906211260298733,
,,,-0.0108333338325,2.14990205212962,0.906211260298733,
,,,-0.0107812505,2.14884677575901,0.906211260298733,
,,,-0.0107291671675,2.14990205212962,0.906211260298733,
,,,-0.010677083835,2.14884677575901,0.906211260298733,
,,,-0.0106250005025,2.14990205212962,0.906211260298733,
,,,-0.01057291717,2.14990205212962,0.906211260298733,
,,,-0.0105208338375,2.14990205212962,0.906211260298733,
,,,-0.010468750505,2.15095732850023,0.906211260298733,
,,,-0.0104166671725,2.14990205212962,0.905839400948025,
,,,-0.01036458384,2.14990205212962,0.906211260298733,
,,,-0.0103125005075,2.15095732850023,0.906211260298733,
,,,-0.010260417175,2.14884677575901,0.906211260298733,
,,,-0.0102083338425,2.14990205212962,0.906211260298733,
,,,-0.01015625051,2.15095732850023,0.906211260298733,
,,,-0.0101041671775,2.15095732850023,0.906211260298733,
,,,-0.010052083845,2.15095732850023,0.905839400948025,
,,,-0.0100000005125,2.15095732850023,0.906211260298733,
,,,-0.00994791717999999,2.14990205212962,0.906211260298733,
,,,-0.0098958338475,2.14990205212962,0.906211260298733,
,,,-0.009843750515,2.14990205212962,0.906211260298733,
,,,-0.0097916671825,2.15095732850023,0.905839400948025,
,,,-0.00973958385,2.15201260487083,0.906211260298733,
,,,-0.0096875005175,2.15306788124144,0.906211260298733,
,,,-0.00963541718499999,2.15306788124144,0.906211260298733,
,,,-0.0095833338525,2.15201260487083,0.906211260298733,
,,,-0.00953125052,2.15201260487083,0.905839400948025,
,,,-0.0094791671875,2.15201260487083,0.906211260298733,
,,,-0.009427083855,2.15201260487083,0.906211260298733,
,,,-0.0093750005225,2.15201260487083,0.906211260298733,
,,,-0.00932291718999999,2.15095732850023,0.906211260298733,
,,,-0.0092708338575,2.15201260487083,0.906211260298733,
,,,-0.009218750525,2.15201260487083,0.905839400948025,
,,,-0.0091666671925,2.15306788124144,0.906211260298733,
,,,-0.00911458386,2.15306788124144,0.906211260298733,
,,,-0.0090625005275,2.15306788124144,0.906211260298733,
,,,-0.009010417195,2.15306788124144,0.906211260298733,
,,,-0.0089583338625,2.15306788124144,0.905839400948025,
,,,-0.00890625053,2.15306788124144,0.905839400948025,
,,,-0.0088541671975,2.15306788124144,0.905839400948025,
,,,-0.008802083865,2.15412315761205,0.906211260298733,
,,,-0.0087500005325,2.15412315761205,0.905839400948025,
,,,-0.0086979172,2.15412315761205,0.905839400948025,
,,,-0.0086458338675,2.15412315761205,0.906211260298733,
,,,-0.008593750535,2.15306788124144,0.905839400948025,
,,,-0.0085416672025,2.15412315761205,0.905839400948025,
,,,-0.00848958387,2.15412315761205,0.906211260298733,
,,,-0.0084375005375,2.15412315761205,0.905839400948025,
,,,-0.008385417205,2.15412315761205,0.905839400948025,
,,,-0.0083333338725,2.15412315761205,0.905839400948025,
,,,-0.00828125054,2.15412315761205,0.905839400948025,
,,,-0.0082291672075,2.15412315761205,0.905839400948025,
,,,-0.008177083875,2.15306788124144,0.905839400948025,
,,,-0.0081250005425,2.15412315761205,0.905839400948025,
,,,-0.00807291721,2.15623371035326,0.905839400948025,
,,,-0.00802083387749999,2.15517843398266,0.905839400948025,
,,,-0.007968750545,2.15517843398266,0.905839400948025,
,,,-0.0079166672125,2.15412315761205,0.905839400948025,
,,,-0.00786458388,2.15412315761205,0.905839400948025,
,,,-0.0078125005475,2.15412315761205,0.905839400948025,
,,,-0.007760417215,2.15412315761205,0.905467541597318,
,,,-0.00770833388249999,2.15412315761205,0.905839400948025,
,,,-0.00765625055,2.15517843398266,0.905839400948025,
,,,-0.0076041672175,2.15517843398266,0.905467541597318,
,,,-0.007552083885,2.15623371035326,0.905839400948025,
,,,-0.0075000005525,2.15623371035326,0.905839400948025,
,,,-0.00744791722,2.15623371035326,0.905839400948025,
,,,-0.00739583388749999,2.15623371035326,0.905839400948025,
,,,-0.007343750555,2.15623371035326,0.905839400948025,
,,,-0.0072916672225,2.15623371035326,0.905839400948025,
,,,-0.00723958389,2.15728898672387,0.905839400948025,
,,,-0.0071875005575,2.15623371035326,0.905839400948025,
,,,-0.007135417225,2.15728898672387,0.905839400948025,
,,,-0.00708333389249999,2.15728898672387,0.905839400948025,
,,,-0.00703125056,2.15623371035326,0.905839400948025,
,,,-0.0069791672275,2.15623371035326,0.905839400948025,
,,,-0.006927083895,2.15728898672387,0.905839400948025,
,,,-0.0068750005625,2.15728898672387,0.905467541597318,
,,,-0.00682291723,2.15728898672387,0.905839400948025,
,,,-0.00677083389749999,2.15728898672387,0.905839400948025,
,,,-0.006718750565,2.15728898672387,0.905839400948025,
,,,-0.0066666672325,2.15728898672387,0.905839400948025,
,,,-0.0066145839,2.15834426309448,0.905839400948025,
,,,-0.0065625005675,2.15728898672387,0.905467541597318,
,,,-0.006510417235,2.15728898672387,0.905467541597318,
,,,-0.0064583339025,2.15834426309448,0.905839400948025,
,,,-0.00640625057,2.15834426309448,0.905839400948025,
,,,-0.0063541672375,2.15728898672387,0.905839400948025,
,,,-0.006302083905,2.15728898672387,0.905467541597318,
,,,-0.0062500005725,2.15728898672387,0.905839400948025,
,,,-0.00619791724,2.15728898672387,0.905839400948025,
,,,-0.0061458339075,2.15834426309448,0.905839400948025,
,,,-0.006093750575,2.15834426309448,0.905467541597318,
,,,-0.0060416672425,2.15623371035326,0.905839400948025,
,,,-0.00598958391,2.15834426309448,0.905467541597318,
,,,-0.0059375005775,2.15834426309448,0.905467541597318,
,,,-0.005885417245,2.15834426309448,0.905467541597318,
,,,-0.0058333339125,2.15834426309448,0.905467541597318,
,,,-0.00578125058,2.15834426309448,0.905467541597318,
,,,-0.0057291672475,2.15939953946508,0.905467541597318,
,,,-0.005677083915,2.15939953946508,0.905467541597318,
,,,-0.0056250005825,2.15939953946508,0.905839400948025,
,,,-0.00557291725,2.16045481583569,0.905467541597318,
,,,-0.0055208339175,2.15939953946508,0.905467541597318,
,,,-0.00546875058499999,2.16045481583569,0.905467541597318,
,,,-0.0054166672525,2.16045481583569,0.905839400948025,
,,,-0.00536458392,2.16045481583569,0.905467541597318,
,,,-0.0053125005875,2.16045481583569,0.905467541597318,
,,,-0.005260417255,2.1615100922063,0.905467541597318,
,,,-0.0052083339225,2.15939953946508,0.905467541597318,
,,,-0.00515625058999999,2.16045481583569,0.905467541597318,
,,,-0.0051041672575,2.16045481583569,0.905467541597318,
,,,-0.005052083925,2.16045481583569,0.905095682246611,
,,,-0.0050000005925,2.16045481583569,0.905467541597318,
,,,-0.00494791726,2.16045481583569,0.905467541597318,
,,,-0.0048958339275,2.16045481583569,0.905467541597318,
,,,-0.00484375059499999,2.1615100922063,0.905839400948025,
,,,-0.0047916672625,2.1615100922063,0.905467541597318,
,,,-0.00473958393,2.1615100922063,0.905467541597318,
,,,-0.0046875005975,2.1615100922063,0.905095682246611,
,,,-0.004635417265,2.16045481583569,0.905095682246611,
,,,-0.0045833339325,2.16045481583569,0.905095682246611,
,,,-0.00453125059999999,2.1615100922063,0.905095682246611,
,,,-0.0044791672675,2.1615100922063,0.905095682246611,
,,,-0.004427083935,2.16256536857691,0.905467541597318,
,,,-0.0043750006025,2.1615100922063,0.905095682246611,
,,,-0.00432291727,2.1615100922063,0.905095682246611,
,,,-0.0042708339375,2.1615100922063,0.905095682246611,
,,,-0.00421875060499999,2.1615100922063,0.905095682246611,
,,,-0.0041666672725,2.16256536857691,0.905095682246611,
,,,-0.00411458394,2.16256536857691,0.905095682246611,
,,,-0.0040625006075,2.1615100922063,0.905095682246611,
,,,-0.004010417275,2.16256536857691,0.905095682246611,
,,,-0.0039583339425,2.16256536857691,0.905095682246611,
,,,-0.00390625061,2.16256536857691,0.904723822895903,
,,,-0.0038541672775,2.16362064494751,0.905095682246611,
,,,-0.003802083945,2.16362064494751,0.904723822895903,
,,,-0.0037500006125,2.16362064494751,0.905095682246611,
,,,-0.00369791728,2.16362064494751,0.905095682246611,
,,,-0.0036458339475,2.16256536857691,0.905095682246611,
,,,-0.003593750615,2.16256536857691,0.904723822895903,
,,,-0.0035416672825,2.16362064494751,0.905095682246611,
,,,-0.00348958395,2.16256536857691,0.905095682246611,
,,,-0.0034375006175,2.16256536857691,0.905095682246611,
,,,-0.003385417285,2.16362064494751,0.905095682246611,
,,,-0.0033333339525,2.16256536857691,0.905095682246611,
,,,-0.00328125062,2.16362064494751,0.905095682246611,
,,,-0.00322916728749999,2.16362064494751,0.904723822895903,
,,,-0.003177083955,2.16362064494751,0.905095682246611,
,,,-0.0031250006225,2.16362064494751,0.904723822895903,
,,,-0.00307291729,2.16256536857691,0.904723822895903,
,,,-0.0030208339575,2.16256536857691,0.905095682246611,
,,,-0.002968750625,2.16362064494751,0.904723822895903,
,,,-0.00291666729249999,2.16362064494751,0.905095682246611,
,,,-0.00286458396,2.16362064494751,0.904723822895903,
,,,-0.0028125006275,2.16467592131812,0.905095682246611,
,,,-0.002760417295,2.16467592131812,0.905095682246611,
,,,-0.0027083339625,2.16467592131812,0.905095682246611,
,,,-0.00265625063,2.16467592131812,0.904723822895903,
,,,-0.00260416729749999,2.16362064494751,0.904723822895903,
,,,-0.002552083965,2.16573119768873,0.904723822895903,
,,,-0.0025000006325,2.16573119768873,0.904723822895903,
,,,-0.0024479173,2.16362064494751,0.904723822895903,
,,,-0.0023958339675,2.16362064494751,0.904723822895903,
,,,-0.002343750635,2.16362064494751,0.904723822895903,
,,,-0.00229166730249999,2.16573119768873,0.904351963545196,
,,,-0.00223958397,2.16467592131812,0.904723822895903,
,,,-0.0021875006375,2.16467592131812,0.904351963545196,
,,,-0.002135417305,2.16467592131812,0.904723822895903,
,,,-0.0020833339725,2.16467592131812,0.904351963545196,
,,,-0.00203125064,2.16573119768873,0.904723822895903,
,,,-0.00197916730749999,2.16573119768873,0.904723822895903,
,,,-0.001927083975,2.16573119768873,0.904351963545196,
,,,-0.0018750006425,2.16467592131812,0.904723822895903,
,,,-0.00182291731,2.16573119768873,0.904723822895903,
,,,-0.0017708339775,2.16573119768873,0.904351963545196,
,,,-0.001718750645,2.16573119768873,0.904351963545196,
,,,-0.00166666731249999,2.16467592131812,0.904351963545196,
,,,-0.00161458398,2.16573119768873,0.904351963545196,
,,,-0.0015625006475,2.16467592131812,0.904351963545196,
,,,-0.001510417315,2.16573119768873,0.904351963545196,
,,,-0.0014583339825,2.16678647405934,0.904723822895903,
,,,-0.00140625065,2.16678647405934,0.904351963545196,
,,,-0.00135416731749999,2.16573119768873,0.904723822895903,
,,,-0.001302083985,2.16678647405934,0.904723822895903,
,,,-0.0012500006525,2.16678647405934,0.904723822895903,
,,,-0.00119791732,2.16573119768873,0.904351963545196,
,,,-0.0011458339875,2.16678647405934,0.904351963545196,
,,,-0.001093750655,2.16678647405934,0.904351963545196,
,,,-0.0010416673225,2.16678647405934,0.904351963545196,
,,,-0.000989583990000001,2.16678647405934,0.904351963545196,
,,,-0.0009375006575,2.16678647405934,0.904351963545196,
,,,-0.000885417324999999,2.16678647405934,0.904351963545196,
,,,-0.000833333992499997,2.16678647405934,0.904351963545196,
,,,-0.000781250659999996,2.16784175042994,0.904351963545196,
,,,-0.000729167327499995,2.16784175042994,0.904351963545196,
,,,-0.000677083994999994,2.16678647405934,0.904351963545196,
,,,-0.0006250006625,2.16678647405934,0.903980104194488,
,,,-0.000572917329999999,2.16678647405934,0.904351963545196,
,,,-0.000520833997499998,2.16784175042994,0.904351963545196,
,,,-0.000468750664999996,2.16784175042994,0.904351963545196,
,,,-0.000416667332499995,2.16784175042994,0.903980104194488,
,,,-0.000364583999999994,2.16889702680055,0.904351963545196,
,,,-0.0003125006675,2.16784175042994,0.904351963545196,
,,,-0.000260417334999999,2.16889702680055,0.904351963545196,
,,,-0.000208334002499998,2.16784175042994,0.904351963545196,
,,,-0.000156250669999997,2.16784175042994,0.903980104194488,
,,,-0.000104167337499995,2.16678647405934,0.903980104194488,
,,,-5.20840049999943E-05,2.16784175042994,0.904351963545196,
,,,-6.72500000131748E-10,-0.0809521953342482,-0.0133969140006229,
,,,5.2082660000001E-05,-0.0397964168805629,-0.00447228958364576,
,,,0.000104165992500002,-0.0397964168805629,-0.00484414893435314,
,,,0.000156249325000003,-0.0387411405099556,-0.00484414893435314,
,,,0.000208332657500004,-0.0376858641393483,-0.00521600828506052,
,,,0.000260415990000006,-0.0376858641393483,-0.00521600828506052,
,,,0.0003124993225,-0.0387411405099556,-0.00558786763576791,
,,,0.000364582655000001,-0.0387411405099556,-0.00558786763576791,
,,,0.000416665987500002,-0.0376858641393483,-0.00595972698647529,
,,,0.000468749320000003,-0.0387411405099556,-0.00558786763576791,
,,,0.000520832652500004,-0.0376858641393483,-0.00558786763576791,
,,,0.000572915985000005,-0.0376858641393483,-0.00558786763576791,
,,,0.0006249993175,-0.0376858641393483,-0.00558786763576791,
,,,0.000677082650000001,-0.036630587768741,-0.00558786763576791,
,,,0.000729165982500002,-0.0376858641393483,-0.00558786763576791,
,,,0.000781249315000003,-0.0376858641393483,-0.00521600828506052,
,,,0.000833332647500004,-0.0376858641393483,-0.00521600828506052,
,,,0.000885415980000005,-0.036630587768741,-0.00521600828506052,
,,,0.000937499312499999,-0.036630587768741,-0.00521600828506052,
,,,0.000989582645000001,-0.0355753113981336,-0.00521600828506052,
,,,0.0010416659775,-0.0345200350275263,-0.00521600828506052,
,,,0.00109374931,-0.0355753113981336,-0.00521600828506052,
,,,0.0011458326425,-0.0355753113981336,-0.00521600828506052,
,,,0.00119791597500001,-0.0345200350275263,-0.00521600828506052,
,,,0.0012499993075,-0.0355753113981336,-0.00484414893435314,
,,,0.00130208264,-0.0355753113981336,-0.00484414893435314,
,,,0.0013541659725,-0.0355753113981336,-0.00484414893435314,
,,,0.001406249305,-0.0345200350275263,-0.00484414893435314,
,,,0.0014583326375,-0.0355753113981336,-0.00484414893435314,
,,,0.00151041597,-0.0345200350275263,-0.00484414893435314,
,,,0.0015624993025,-0.0345200350275263,-0.00484414893435314,
,,,0.001614582635,-0.0345200350275263,-0.00484414893435314,
,,,0.0016666659675,-0.0345200350275263,-0.00447228958364576,
,,,0.0017187493,-0.0355753113981336,-0.00484414893435314,
,,,0.0017708326325,-0.0345200350275263,-0.00447228958364576,
,,,0.001822915965,-0.033464758656919,-0.00447228958364576,
,,,0.00187499929750001,-0.0345200350275263,-0.00410043023293838,
,,,0.00192708263,-0.0345200350275263,-0.00447228958364576,
,,,0.0019791659625,-0.0345200350275263,-0.00447228958364576,
,,,0.002031249295,-0.033464758656919,-0.00447228958364576,
,,,0.0020833326275,-0.033464758656919,-0.00447228958364576,
,,,0.00213541596,-0.0345200350275263,-0.00447228958364576,
,,,0.00218749929250001,-0.0355753113981336,-0.00447228958364576,
,,,0.002239582625,-0.0355753113981336,-0.00447228958364576,
,,,0.0022916659575,-0.0345200350275263,-0.00447228958364576,
,,,0.00234374929,-0.0345200350275263,-0.00410043023293838,
,,,0.0023958326225,-0.0345200350275263,-0.00410043023293838,
,,,0.002447915955,-0.0345200350275263,-0.00410043023293838,
,,,0.00249999928750001,-0.0345200350275263,-0.00447228958364576,
,,,0.00255208262,-0.0355753113981336,-0.00410043023293838,
,,,0.0026041659525,-0.0345200350275263,-0.00447228958364576,
,,,0.002656249285,-0.0345200350275263,-0.00447228958364576,
,,,0.0027083326175,-0.033464758656919,-0.00447228958364576,
,,,0.00276041595,-0.0345200350275263,-0.00410043023293838,
,,,0.00281249928250001,-0.0345200350275263,-0.00410043023293838,
,,,0.002864582615,-0.0355753113981336,-0.00410043023293838,
,,,0.0029166659475,-0.0345200350275263,-0.00447228958364576,
,,,0.00296874928,-0.0345200350275263,-0.00447228958364576,
,,,0.0030208326125,-0.0345200350275263,-0.00447228958364576,
,,,0.003072915945,-0.033464758656919,-0.00447228958364576,
,,,0.00312499927750001,-0.0355753113981336,-0.00410043023293838,
,,,0.00317708261,-0.0345200350275263,-0.00410043023293838,
,,,0.0032291659425,-0.033464758656919,-0.00447228958364576,
,,,0.003281249275,-0.0345200350275263,-0.00410043023293838,
,,,0.0033333326075,-0.033464758656919,-0.00410043023293838,
,,,0.00338541594,-0.0345200350275263,-0.00410043023293838,
,,,0.00343749927250001,-0.033464758656919,-0.00410043023293838,
,,,0.003489582605,-0.0345200350275263,-0.00447228958364576,
,,,0.0035416659375,-0.0345200350275263,-0.00447228958364576,
,,,0.00359374927,-0.0324094822863117,-0.00447228958364576,
,,,0.0036458326025,-0.033464758656919,-0.00447228958364576,
,,,0.003697915935,-0.0345200350275263,-0.00447228958364576,
,,,0.00374999926750001,-0.0345200350275263,-0.00447228958364576,
,,,0.0038020826,-0.0345200350275263,-0.00447228958364576,
,,,0.0038541659325,-0.033464758656919,-0.00447228958364576,
,,,0.003906249265,-0.0345200350275263,-0.00447228958364576,
,,,0.0039583325975,-0.0345200350275263,-0.00447228958364576,
,,,0.00401041593,-0.0345200350275263,-0.00447228958364576,
,,,0.00406249926250001,-0.033464758656919,-0.00410043023293838,
,,,0.00411458259500001,-0.0345200350275263,-0.00447228958364576,
,,,0.0041666659275,-0.033464758656919,-0.00410043023293838,
,,,0.00421874926,-0.0345200350275263,-0.00447228958364576,
,,,0.0042708325925,-0.0345200350275263,-0.00447228958364576,
,,,0.004322915925,-0.0345200350275263,-0.00447228958364576,
,,,0.0043749992575,-0.033464758656919,-0.00447228958364576,
,,,0.00442708259000001,-0.0345200350275263,-0.00447228958364576,
,,,0.0044791659225,-0.033464758656919,-0.00410043023293838,
,,,0.004531249255,-0.0355753113981336,-0.00410043023293838,
,,,0.0045833325875,-0.0345200350275263,-0.00447228958364576,
,,,0.00463541592,-0.0345200350275263,-0.00447228958364576,
,,,0.0046874992525,-0.0355753113981336,-0.00447228958364576,
,,,0.00473958258500001,-0.0345200350275263,-0.00447228958364576,
,,,0.0047916659175,-0.0345200350275263,-0.00410043023293838,
,,,0.00484374925,-0.0345200350275263,-0.00447228958364576,
,,,0.0048958325825,-0.0355753113981336,-0.00410043023293838,
,,,0.004947915915,-0.0345200350275263,-0.00410043023293838,
,,,0.0049999992475,-0.033464758656919,-0.00410043023293838,
,,,0.00505208258000001,-0.0355753113981336,-0.00447228958364576,
,,,0.0051041659125,-0.033464758656919,-0.00410043023293838,
,,,0.005156249245,-0.033464758656919,-0.00410043023293838,
,,,0.0052083325775,-0.0345200350275263,-0.00447228958364576,
,,,0.00526041591,-0.0345200350275263,-0.00410043023293838,
,,,0.0053124992425,-0.0355753113981336,-0.00447228958364576,
,,,0.00536458257500001,-0.033464758656919,-0.00410043023293838,
,,,0.0054166659075,-0.0345200350275263,-0.00447228958364576,
,,,0.00546874924,-0.0345200350275263,-0.00410043023293838,
,,,0.0055208325725,-0.0324094822863117,-0.00410043023293838,
,,,0.005572915905,-0.033464758656919,-0.00447228958364576,
,,,0.0056249992375,-0.0345200350275263,-0.00410043023293838,
,,,0.00567708257000001,-0.033464758656919,-0.00447228958364576,
,,,0.0057291659025,-0.033464758656919,-0.00410043023293838,
,,,0.005781249235,-0.033464758656919,-0.00410043023293838,
,,,0.0058333325675,-0.033464758656919,-0.00410043023293838,
,,,0.0058854159,-0.0345200350275263,-0.00410043023293838,
,,,0.0059374992325,-0.033464758656919,-0.00410043023293838,
,,,0.00598958256500001,-0.0345200350275263,-0.00410043023293838,
,,,0.0060416658975,-0.0345200350275263,-0.00410043023293838,
,,,0.00609374923,-0.033464758656919,-0.00410043023293838,
,,,0.0061458325625,-0.0345200350275263,-0.00410043023293838,
,,,0.006197915895,-0.0345200350275263,-0.00447228958364576,
,,,0.0062499992275,-0.0345200350275263,-0.00410043023293838,
,,,0.00630208256000001,-0.033464758656919,-0.00447228958364576,
,,,0.0063541658925,-0.0345200350275263,-0.00447228958364576,
,,,0.006406249225,-0.033464758656919,-0.00410043023293838,
,,,0.0064583325575,-0.0345200350275263,-0.00410043023293838,
,,,0.00651041589,-0.033464758656919,-0.00410043023293838,
,,,0.0065624992225,-0.033464758656919,-0.00447228958364576,
,,,0.00661458255500001,-0.0345200350275263,-0.00447228958364576,
,,,0.00666666588750001,-0.0345200350275263,-0.00410043023293838,
,,,0.00671874922,-0.033464758656919,-0.00447228958364576,
,,,0.0067708325525,-0.033464758656919,-0.00410043023293838,
,,,0.006822915885,-0.033464758656919,-0.00410043023293838,
,,,0.0068749992175,-0.0355753113981336,-0.00447228958364576,
,,,0.00692708255,-0.033464758656919,-0.00447228958364576,
,,,0.00697916588250001,-0.033464758656919,-0.00410043023293838,
,,,0.007031249215,-0.033464758656919,-0.00410043023293838,
,,,0.0070833325475,-0.0345200350275263,-0.00447228958364576,
,,,0.00713541588,-0.0345200350275263,-0.00410043023293838,
,,,0.0071874992125,-0.033464758656919,-0.00410043023293838,
,,,0.007239582545,-0.033464758656919,-0.00410043023293838,
,,,0.00729166587750001,-0.033464758656919,-0.00410043023293838,
,,,0.00734374921,-0.0345200350275263,-0.00410043023293838,
,,,0.0073958325425,-0.033464758656919,-0.00410043023293838,
,,,0.007447915875,-0.0345200350275263,-0.00447228958364576,
,,,0.0074999992075,-0.0345200350275263,-0.00447228958364576,
,,,0.00755208254,-0.0345200350275263,-0.00410043023293838,
,,,0.00760416587250001,-0.033464758656919,-0.00447228958364576,
,,,0.007656249205,-0.0345200350275263,-0.00410043023293838,
,,,0.0077083325375,-0.0345200350275263,-0.00410043023293838,
,,,0.00776041587,-0.0345200350275263,-0.00410043023293838,
,,,0.0078124992025,-0.0345200350275263,-0.00447228958364576,
,,,0.007864582535,-0.033464758656919,-0.00410043023293838,
