Frank-Hertz Experiment		
		
Vr(V)= 1.5		
Cathode Heater Current (mA) = 260		
		 
Va(V)_1	Ia(E-12 A)_1	T(c)_1
0.00	0.08	170.31
0.05	0.07	170.31
0.10	0.10	170.31
0.15	0.17	170.31
0.20	0.11	170.31
0.25	0.08	170.31
0.30	0.00	170.31
0.35	0.06	170.31
0.40	0.07	170.30
0.45	0.10	170.30
0.50	0.09	170.31
0.55	0.04	170.31
0.60	0.00	170.30
0.65	0.07	170.30
0.70	0.07	170.30
0.75	0.03	170.30
0.80	0.04	170.29
0.85	0.24	170.29
0.90	0.13	170.30
0.95	0.02	170.30
1.00	0.09	170.29
1.05	0.05	170.29
1.10	0.05	170.29
1.15	0.03	170.29
1.20	0.04	170.29
1.25	0.07	170.29
1.30	0.02	170.29
1.35	0.02	170.29
1.40	0.11	170.29
1.45	0.01	170.29
1.50	0.01	170.29
1.55	0.01	170.29
1.60	0.15	170.29
1.65	0.14	170.29
1.70	0.01	170.29
1.75	0.04	170.30
1.80	0.07	170.30
1.85	0.04	170.30
1.90	0.01	170.30
1.95	0.01	170.29
2.00	0.02	170.29
2.05	0.15	170.29
2.10	0.02	170.29
2.15	0.03	170.29
2.20	0.04	170.29
2.25	0.01	170.29
2.30	0.02	170.29
2.35	0.05	170.29
2.40	0.04	170.29
2.45	0.02	170.29
2.50	0.02	170.29
2.55	0.11	170.29
2.60	0.04	170.29
2.65	0.09	170.29
2.70	0.15	170.29
2.75	0.05	170.29
2.80	0.11	170.29
2.85	0.12	170.30
2.90	0.19	170.30
2.95	0.18	170.29
3.00	0.09	170.29
3.05	0.12	170.30
3.10	0.29	170.30
3.15	0.21	170.30
3.20	1.37	170.30
3.25	0.30	170.30
3.30	0.39	170.30
3.35	0.39	170.30
3.40	0.48	170.30
3.45	0.65	170.30
3.50	0.65	170.30
3.55	0.83	170.30
3.60	0.83	170.30
3.65	1.06	170.31
3.70	0.99	170.31
3.75	1.21	170.31
3.80	1.51	170.31
3.85	1.63	170.31
3.90	1.66	170.31
3.95	1.80	170.31
4.00	2.08	170.31
4.05	2.46	170.31
4.10	2.56	170.31
4.15	2.84	170.31
4.20	2.96	170.31
4.25	3.55	170.31
4.30	3.77	170.31
4.35	3.74	170.31
4.40	4.27	170.31
4.45	4.52	170.31
4.50	4.95	170.31
4.55	5.35	170.31
4.60	5.73	170.32
4.65	6.26	170.32
4.70	6.77	170.31
4.75	6.96	170.31
4.80	7.55	170.31
4.85	8.11	170.31
4.90	8.78	170.32
4.95	9.18	170.32
5.00	9.75	170.31
5.05	10.26	170.31
5.10	10.93	170.32
5.15	11.82	170.32
5.20	12.34	170.32
5.25	13.03	170.32
5.30	13.86	170.31
5.35	14.53	170.31
5.40	15.51	170.32
5.45	16.14	170.32
5.50	16.91	170.32
5.55	17.88	170.32
5.60	18.67	170.31
5.65	19.26	170.31
5.70	19.92	170.32
5.75	20.70	170.32
5.80	21.16	170.32
5.85	21.40	170.32
5.90	21.64	170.32
5.95	21.49	170.32
6.00	21.35	170.32
6.05	20.77	170.32
6.10	20.08	170.32
6.15	19.52	170.32
6.20	18.56	170.31
6.25	17.48	170.31
6.30	16.67	170.32
6.35	15.86	170.32
6.40	15.14	170.31
6.45	14.12	170.31
6.50	13.33	170.32
6.55	12.75	170.32
6.60	12.04	170.32
6.65	11.20	170.32
6.70	10.59	170.32
6.75	10.07	170.32
6.80	9.39	170.32
6.85	8.65	170.32
6.90	8.34	170.32
6.95	7.97	170.32
7.00	7.58	170.33
7.05	6.95	170.33
7.10	6.59	170.33
7.15	6.13	170.32
7.20	5.70	170.32
7.25	5.51	170.32
7.30	5.07	170.32
7.35	4.81	170.32
7.40	4.50	170.32
7.45	4.21	170.32
7.50	4.05	170.32
7.55	4.03	170.32
7.60	3.74	170.32
7.65	3.66	170.32
7.70	3.63	170.32
7.75	3.75	170.32
7.80	3.68	170.32
7.85	3.56	170.33
7.90	3.63	170.33
7.95	3.72	170.32
8.00	3.76	170.32
8.05	3.91	170.32
8.10	4.16	170.32
8.15	4.45	170.32
8.20	4.54	170.32
8.25	4.80	170.33
8.30	5.13	170.33
8.35	5.37	170.32
8.40	5.79	170.32
8.45	6.19	170.31
8.50	6.49	170.31
8.55	6.98	170.32
8.60	7.61	170.32
8.65	8.08	170.32
8.70	8.67	170.32
8.75	9.15	170.32
8.80	9.83	170.32
8.85	10.49	170.32
8.90	11.24	170.32
8.95	11.82	170.32
9.00	12.54	170.32
9.05	13.36	170.32
9.10	14.32	170.32
9.15	14.92	170.32
9.20	16.06	170.32
9.25	16.72	170.33
9.30	17.90	170.33
9.35	18.96	170.32
9.40	19.73	170.32
9.45	21.01	170.32
9.50	22.23	170.32
9.55	23.37	170.33
9.60	24.68	170.33
9.65	25.77	170.33
9.70	26.73	170.33
9.75	28.39	170.33
9.80	29.65	170.33
9.85	30.83	170.33
9.90	32.44	170.33
9.95	34.21	170.33
10.00	35.76	170.33
10.05	36.92	170.33
10.10	38.66	170.34
10.15	40.38	170.34
10.20	42.03	170.34
10.25	43.82	170.34
10.30	45.10	170.34
10.35	46.55	170.34
10.40	48.33	170.35
10.45	49.61	170.35
10.50	50.36	170.34
10.55	51.12	170.34
10.60	51.41	170.34
10.65	51.32	170.34
10.70	50.69	170.34
10.75	49.79	170.34
10.80	48.11	170.34
10.85	45.67	170.34
10.90	42.70	170.34
10.95	40.31	170.34
11.00	37.24	170.34
11.05	33.42	170.34
11.10	30.19	170.35
11.15	27.61	170.35
11.20	24.49	170.34
11.25	21.84	170.34
11.30	19.02	170.35
11.35	17.11	170.35
11.40	15.75	170.36
11.45	14.11	170.36
11.50	12.57	170.35
11.55	11.39	170.35
11.60	10.29	170.35
11.65	9.40	170.35
11.70	8.22	170.36
11.75	7.33	170.36
11.80	6.62	170.35
11.85	6.05	170.35
11.90	5.43	170.36
11.95	4.84	170.36
12.00	4.54	170.36
12.05	4.07	170.36
12.10	3.88	170.35
12.15	3.53	170.35
12.20	3.41	170.36
12.25	3.01	170.36
12.30	2.93	170.37
12.35	2.96	170.37
12.40	3.12	170.36
12.45	3.09	170.36
12.50	3.17	170.36
12.55	3.35	170.36
12.60	3.59	170.36
12.65	3.80	170.36
12.70	4.06	170.36
12.75	4.54	170.36
12.80	4.85	170.36
12.85	5.38	170.37
12.90	5.67	170.37
12.95	6.31	170.37
13.00	6.73	170.37
13.05	7.25	170.36
13.10	7.97	170.36
13.15	8.76	170.37
13.20	9.40	170.37
13.25	10.23	170.37
13.30	10.91	170.37
13.35	11.80	170.37
13.40	12.86	170.37
13.45	14.01	170.37
13.50	14.75	170.37
13.55	15.77	170.37
13.60	17.19	170.37
13.65	18.31	170.37
13.70	19.35	170.37
13.75	20.55	170.37
13.80	21.90	170.37
13.85	23.54	170.37
13.90	24.53	170.37
13.95	26.02	170.37
14.00	27.70	170.37
14.05	29.17	170.38
14.10	31.07	170.38
14.15	32.31	170.37
14.20	34.02	170.37
14.25	36.31	170.38
14.30	38.23	170.38
14.35	40.23	170.38
14.40	41.67	170.38
14.45	43.81	170.38
14.50	46.04	170.38
14.55	48.30	170.38
14.60	50.03	170.38
14.65	52.46	170.39
14.70	54.93	170.39
14.75	57.70	170.40
14.80	59.45	170.40
14.85	61.86	170.39
14.90	64.98	170.39
14.95	67.40	170.39
15.00	69.51	170.39
15.05	72.05	170.39
15.10	74.01	170.39
15.15	77.06	170.39
15.20	79.10	170.39
15.25	80.74	170.39
15.30	82.34	170.39
15.35	83.40	170.40
15.40	84.05	170.40
15.45	83.85	170.40
15.50	83.19	170.40
15.55	81.66	170.40
15.60	79.03	170.40
15.65	76.04	170.40
15.70	72.93	170.40
15.75	68.76	170.40
15.80	63.21	170.40
15.85	58.40	170.40
15.90	54.58	170.40
15.95	49.58	170.40
16.00	44.41	170.40
16.05	39.94	170.40
16.10	36.77	170.40
16.15	33.28	170.40
16.20	29.66	170.39
16.25	26.86	170.39
16.30	24.80	170.40
16.35	21.51	170.40
16.40	19.71	170.40
16.45	17.65	170.40
16.50	15.40	170.40
16.55	13.62	170.40
16.60	12.37	170.40
16.65	10.85	170.40
16.70	9.47	170.40
16.75	8.43	170.40
16.80	7.65	170.40
16.85	6.81	170.40
16.90	6.11	170.40
16.95	5.43	170.40
17.00	5.26	170.40
17.05	4.85	170.40
17.10	4.60	170.39
17.15	4.39	170.39
17.20	4.28	170.40
17.25	4.41	170.40
17.30	4.50	170.41
17.35	4.58	170.41
17.40	4.84	170.40
17.45	4.99	170.40
17.50	5.27	170.40
17.55	5.59	170.40
17.60	6.32	170.40
17.65	7.05	170.40
17.70	7.66	170.40
17.75	8.13	170.40
17.80	8.97	170.39
17.85	9.87	170.39
17.90	10.82	170.40
17.95	11.48	170.40
18.00	12.57	170.40
18.05	13.83	170.40
18.10	14.91	170.39
18.15	15.97	170.39
18.20	17.34	170.40
18.25	18.80	170.40
18.30	20.28	170.40
18.35	21.50	170.40
18.40	22.96	170.40
18.45	24.87	170.40
18.50	26.97	170.40
18.55	28.81	170.40
18.60	30.25	170.40
18.65	32.16	170.40
18.70	34.63	170.40
18.75	36.83	170.40
18.80	39.27	170.40
18.85	41.03	170.40
18.90	43.24	170.40
18.95	46.04	170.41
19.00	48.46	170.41
19.05	50.56	170.41
19.10	53.17	170.41
19.15	56.06	170.41
19.20	59.08	170.41
19.25	61.07	170.41
19.30	64.45	170.41
19.35	67.80	170.41
19.40	70.99	170.41
19.45	74.35	170.41
19.50	76.85	170.41
19.55	80.18	170.41
19.60	84.04	170.41
19.65	87.45	170.41
19.70	90.23	170.41
19.75	93.99	170.42
19.80	97.77	170.42
19.85	101.20	170.42
19.90	104.62	170.42
19.95	107.19	170.42
20.00	110.48	170.42
20.05	113.61	170.41
20.10	116.15	170.41
20.15	117.74	170.41
20.20	119.17	170.41
20.25	120.41	170.42
20.30	120.58	170.42
20.35	120.09	170.41
20.40	118.78	170.41
20.45	116.47	170.41
20.50	113.09	170.41
20.55	109.28	170.41
20.60	106.12	170.41
20.65	101.05	170.41
20.70	95.64	170.41
20.75	90.27	170.41
20.80	86.27	170.41
20.85	81.34	170.41
20.90	75.60	170.41
20.95	70.91	170.41
21.00	67.13	170.41
21.05	62.14	170.41
21.10	57.82	170.41
21.15	52.89	170.42
21.20	48.88	170.42
21.25	45.70	170.41
21.30	41.52	170.41
21.35	37.39	170.41
21.40	33.75	170.41
21.45	30.04	170.41
21.50	27.76	170.41
21.55	24.85	170.41
21.60	22.08	170.41
21.65	19.88	170.41
21.70	18.53	170.40
21.75	16.69	170.40
21.80	15.05	170.41
21.85	13.82	170.41
21.90	12.95	170.40
21.95	11.93	170.40
22.00	10.97	170.40
22.05	10.26	170.40
22.10	9.87	170.40
22.15	9.41	170.40
22.20	9.17	170.40
22.25	9.22	170.40
22.30	9.03	170.40
22.35	9.28	170.40
22.40	9.38	170.39
22.45	9.98	170.39
22.50	10.26	170.39
22.55	10.82	170.39
22.60	11.26	170.40
22.65	12.20	170.40
22.70	12.82	170.39
22.75	13.68	170.39
22.80	14.96	170.38
22.85	15.72	170.38
22.90	16.87	170.39
22.95	18.12	170.39
23.00	19.73	170.38
23.05	21.23	170.38
23.10	22.61	170.39
23.15	24.17	170.39
23.20	26.13	170.39
23.25	27.99	170.39
23.30	29.28	170.39
23.35	31.68	170.39
23.40	33.52	170.38
23.45	36.23	170.38
23.50	38.42	170.39
23.55	41.15	170.39
23.60	43.14	170.39
23.65	45.50	170.39
23.70	48.48	170.39
23.75	51.33	170.39
23.80	53.50	170.39
23.85	56.50	170.39
23.90	60.02	170.39
23.95	63.46	170.39
24.00	65.92	170.38
24.05	69.22	170.38
24.10	73.28	170.38
24.15	76.57	170.38
24.20	79.55	170.38
24.25	83.34	170.38
24.30	87.62	170.38
24.35	91.79	170.38
24.40	95.08	170.38
24.45	99.06	170.38
24.50	103.49	170.38
24.55	107.75	170.38
24.60	112.64	170.38
24.65	116.87	170.38
24.70	120.11	170.38
24.75	124.52	170.38
24.80	129.04	170.38
24.85	132.99	170.37
24.90	135.92	170.37
24.95	139.14	170.37
25.00	142.70	170.37
25.05	145.24	170.37
25.10	146.83	170.37
25.15	148.42	170.37
25.20	149.21	170.37
25.25	149.12	170.36
25.30	148.68	170.36
25.35	147.36	170.36
25.40	145.45	170.36
25.45	143.13	170.36
25.50	140.89	170.36
25.55	137.34	170.36
25.60	134.06	170.36
25.65	129.61	170.35
25.70	125.21	170.35
25.75	120.88	170.36
25.80	117.31	170.36
25.85	113.13	170.36
25.90	107.57	170.36
25.95	102.73	170.35
26.00	98.89	170.35
26.05	93.41	170.35
26.10	87.59	170.35
26.15	82.16	170.36
26.20	77.61	170.36
26.25	72.89	170.35
26.30	66.97	170.35
26.35	62.48	170.36
26.40	59.12	170.36
26.45	54.86	170.36
26.50	50.56	170.36
26.55	46.65	170.35
26.60	43.56	170.35
26.65	41.18	170.35
26.70	38.04	170.35
26.75	35.18	170.35
26.80	31.94	170.35
26.85	29.77	170.35
26.90	28.29	170.35
26.95	26.55	170.36
27.00	24.62	170.36
27.05	23.41	170.36
27.10	22.48	170.36
27.15	21.58	170.36
27.20	20.69	170.36
27.25	20.11	170.36
27.30	19.84	170.36
27.35	19.45	170.36
27.40	19.44	170.36
27.45	19.46	170.36
27.50	19.59	170.37
27.55	19.79	170.37
27.60	20.23	170.37
27.65	20.97	170.37
27.70	21.67	170.36
27.75	22.41	170.36
27.80	23.36	170.37
27.85	24.68	170.37
27.90	25.76	170.36
27.95	27.41	170.36
28.00	28.45	170.36
28.05	30.19	170.36
28.10	31.89	170.36
28.15	33.98	170.36
28.20	35.32	170.36
28.25	37.35	170.36
28.30	39.84	170.36
28.35	42.20	170.36
28.40	44.04	170.36
28.45	46.77	170.36
28.50	49.75	170.36
28.55	52.65	170.36
28.60	55.92	170.36
28.65	57.99	170.36
28.70	61.54	170.36
28.75	65.07	170.36
28.80	68.71	170.36
28.85	71.58	170.36
28.90	75.03	170.37
28.95	79.60	170.37
29.00	83.44	170.36
29.05	86.34	170.36
29.10	90.28	170.36
29.15	94.64	170.36
29.20	99.95	170.37
29.25	104.49	170.37
29.30	107.93	170.37
29.35	112.83	170.37
29.40	118.05	170.37
29.45	123.12	170.37
29.50	127.10	170.37
29.55	131.73	170.37
29.60	136.94	170.37
29.65	142.09	170.37
29.70	147.21	170.37
29.75	150.52	170.37
29.80	154.65	170.37
29.85	159.01	170.37
29.90	162.50	170.37
29.95	165.19	170.37
30.00	167.95	170.37
