Core Type,Frequency (Hz),CH1 (V),CH2 (V)
VS0 (Air core),100,1.650000,0.524000
VS0 (Air core),125,1.670000,0.645000
VS0 (Air core),150,1.670000,0.757000
VS0 (Air core),175,1.680000,0.860000
VS0 (Air core),200,1.680000,0.953000
VS0 (Air core),225,1.680000,1.038000
VS0 (Air core),250,1.680000,1.115000
VS0 (Air core),275,1.680000,1.183000
VS0 (Air core),300,1.680000,1.244000
VS0 (Air core),325,1.680000,1.300000
VS0 (Air core),350,1.680000,1.350000
VS0 (Air core),375,1.670000,1.390000
VS0 (Air core),400,1.670000,1.430000
VS0 (Air core),425,1.670000,1.460000
VS0 (Air core),450,1.670000,1.490000
VS0 (Air core),475,1.670000,1.520000
VS0 (Air core),500,1.670000,1.540000
VS0 (Air core),525,1.660000,1.570000
VS0 (Air core),550,1.660000,1.590000
VS0 (Air core),575,1.660000,1.600000
VS0 (Air core),600,1.660000,1.620000
VS0 (Air core),625,1.660000,1.630000
VS0 (Air core),650,1.660000,1.650000
VS0 (Air core),675,1.660000,1.660000
VS0 (Air core),700,1.660000,1.670000
VS0 (Air core),725,1.660000,1.680000
VS0 (Air core),750,1.660000,1.690000
VS0 (Air core),775,1.660000,1.700000
VS0 (Air core),800,1.660000,1.710000
VS0 (Air core),825,1.660000,1.720000
VS0 (Air core),850,1.650000,1.720000
VS0 (Air core),875,1.650000,1.730000
VS0 (Air core),900,1.650000,1.740000
VS0 (Air core),925,1.650000,1.740000
VS0 (Air core),950,1.650000,1.750000
VS0 (Air core),975,1.650000,1.750000
VS0 (Air core),1000,1.650000,1.760000
VS0 (Air core),1025,1.650000,1.760000
VS0 (Air core),1050,1.650000,1.760000
VS0 (Air core),1075,1.650000,1.770000
VS0 (Air core),1100,1.650000,1.770000
VS0 (Air core),1125,1.650000,1.770000
VS0 (Air core),1150,1.650000,1.780000
VS0 (Air core),1175,1.650000,1.780000
VS0 (Air core),1200,1.650000,1.780000
VS0 (Air core),1225,1.650000,1.790000
VS0 (Air core),1250,1.650000,1.790000
VS0 (Air core),1275,1.650000,1.790000
VS0 (Air core),1300,1.650000,1.790000
VS0 (Air core),1325,1.650000,1.790000
VS0 (Air core),1350,1.650000,1.800000
VS0 (Air core),1375,1.650000,1.800000
VS0 (Air core),1400,1.650000,1.800000
VS0 (Air core),1425,1.650000,1.800000
VS0 (Air core),1450,1.650000,1.800000
VS0 (Air core),1475,1.650000,1.810000
VS0 (Air core),1500,1.650000,1.810000
VS0 (Air core),1525,1.650000,1.810000
VS0 (Air core),1550,1.650000,1.810000
VS0 (Air core),1575,1.650000,1.810000
VS0 (Air core),1600,1.650000,1.810000
VS0 (Air core),1625,1.650000,1.810000
VS0 (Air core),1650,1.650000,1.810000
VS0 (Air core),1675,1.650000,1.820000
VS0 (Air core),1700,1.650000,1.820000
VS0 (Air core),1725,1.650000,1.820000
VS0 (Air core),1750,1.650000,1.820000
VS0 (Air core),1775,1.650000,1.820000
VS0 (Air core),1800,1.650000,1.820000
VS0 (Air core),1825,1.650000,1.820000
VS0 (Air core),1850,1.650000,1.820000
VS0 (Air core),1875,1.650000,1.820000
VS0 (Air core),1900,1.650000,1.820000
VS0 (Air core),1925,1.650000,1.820000
VS0 (Air core),1950,1.650000,1.820000
VS0 (Air core),1975,1.650000,1.830000
VS0 (Air core),2000,1.650000,1.830000
VS0 (Air core),2025,1.650000,1.830000
VS0 (Air core),2050,1.650000,1.830000
VS0 (Air core),2075,1.650000,1.830000
VS0 (Air core),2100,1.650000,1.830000
VS0 (Air core),2125,1.650000,1.830000
VS0 (Air core),2150,1.650000,1.830000
VS0 (Air core),2175,1.650000,1.830000
VS0 (Air core),2200,1.650000,1.830000
VS0 (Air core),2225,1.650000,1.830000
VS0 (Air core),2250,1.650000,1.830000
VS0 (Air core),2275,1.650000,1.830000
VS0 (Air core),2300,1.650000,1.830000
VS0 (Air core),2325,1.650000,1.830000
VS0 (Air core),2350,1.650000,1.830000
VS0 (Air core),2375,1.650000,1.830000
VS0 (Air core),2400,1.650000,1.830000
VS0 (Air core),2425,1.650000,1.840000
VS0 (Air core),2450,1.650000,1.840000
VS0 (Air core),2475,1.650000,1.840000
VS0 (Air core),2500,1.650000,1.840000
VS0 (Air core),2525,1.650000,1.840000
VS0 (Air core),2550,1.650000,1.840000
VS0 (Air core),2575,1.650000,1.840000
VS0 (Air core),2600,1.650000,1.840000
VS0 (Air core),2625,1.650000,1.840000
VS0 (Air core),2650,1.650000,1.840000
VS0 (Air core),2675,1.640000,1.840000
VS0 (Air core),2700,1.650000,1.840000
VS0 (Air core),2725,1.650000,1.840000
VS0 (Air core),2750,1.650000,1.840000
VS0 (Air core),2775,1.650000,1.840000
VS0 (Air core),2800,1.650000,1.840000
VS0 (Air core),2825,1.650000,1.840000
VS0 (Air core),2850,1.650000,1.840000
VS0 (Air core),2875,1.650000,1.840000
VS0 (Air core),2900,1.650000,1.840000
VS0 (Air core),2925,1.650000,1.840000
VS0 (Air core),2950,1.650000,1.840000
VS0 (Air core),2975,1.650000,1.840000
VS0 (Air core),3000,1.650000,1.840000
VS0 (Air core),3025,1.650000,1.840000
VS0 (Air core),3050,1.650000,1.850000
VS0 (Air core),3075,1.640000,1.850000
VS0 (Air core),3100,1.640000,1.850000
VS0 (Air core),3125,1.650000,1.850000
VS0 (Air core),3150,1.640000,1.850000
VS0 (Air core),3175,1.650000,1.850000
VS0 (Air core),3200,1.640000,1.850000
VS0 (Air core),3225,1.640000,1.850000
VS0 (Air core),3250,1.640000,1.850000
VS0 (Air core),3275,1.640000,1.850000
VS0 (Air core),3300,1.640000,1.850000
VS0 (Air core),3325,1.640000,1.850000
VS0 (Air core),3350,1.640000,1.850000
VS0 (Air core),3375,1.640000,1.850000
VS0 (Air core),3400,1.640000,1.850000
VS0 (Air core),3425,1.640000,1.850000
VS0 (Air core),3450,1.640000,1.850000
VS0 (Air core),3475,1.640000,1.850000
VS0 (Air core),3500,1.640000,1.850000
VS0 (Air core),3525,1.640000,1.850000
VS0 (Air core),3550,1.640000,1.850000
VS0 (Air core),3575,1.640000,1.850000
VS0 (Air core),3600,1.640000,1.850000
VS0 (Air core),3625,1.640000,1.850000
VS0 (Air core),3650,1.640000,1.850000
VS0 (Air core),3675,1.640000,1.850000
VS0 (Air core),3700,1.640000,1.850000
VS0 (Air core),3725,1.640000,1.850000
VS0 (Air core),3750,1.640000,1.850000
VS0 (Air core),3775,1.640000,1.850000
VS0 (Air core),3800,1.640000,1.850000
VS0 (Air core),3825,1.640000,1.850000
VS0 (Air core),3850,1.640000,1.850000
VS0 (Air core),3875,1.640000,1.850000
VS0 (Air core),3900,1.640000,1.850000
VS0 (Air core),3925,1.640000,1.850000
VS0 (Air core),3950,1.640000,1.850000
VS0 (Air core),3975,1.640000,1.850000
VS0 (Air core),4000,1.640000,1.860000
VS1 (N1),100,1.660000,0.626000
VS1 (N1),125,1.670000,0.769000
VS1 (N1),150,1.680000,0.902000
VS1 (N1),175,1.680000,1.023000
VS1 (N1),200,1.680000,1.134000
VS1 (N1),225,1.680000,1.233000
VS1 (N1),250,1.680000,1.320000
VS1 (N1),275,1.680000,1.400000
VS1 (N1),300,1.680000,1.470000
VS1 (N1),325,1.680000,1.530000
VS1 (N1),350,1.680000,1.590000
VS1 (N1),375,1.670000,1.640000
VS1 (N1),400,1.670000,1.680000
VS1 (N1),425,1.670000,1.720000
VS1 (N1),450,1.670000,1.760000
VS1 (N1),475,1.670000,1.790000
VS1 (N1),500,1.670000,1.820000
VS1 (N1),525,1.660000,1.840000
VS1 (N1),550,1.660000,1.870000
VS1 (N1),575,1.660000,1.890000
VS1 (N1),600,1.660000,1.910000
VS1 (N1),625,1.660000,1.920000
VS1 (N1),650,1.660000,1.940000
VS1 (N1),675,1.660000,1.950000
VS1 (N1),700,1.660000,1.970000
VS1 (N1),725,1.660000,1.980000
VS1 (N1),750,1.660000,1.990000
VS1 (N1),775,1.660000,2.000000
VS1 (N1),800,1.660000,2.010000
VS1 (N1),825,1.660000,2.020000
VS1 (N1),850,1.650000,2.020000
VS1 (N1),875,1.650000,2.030000
VS1 (N1),900,1.650000,2.040000
VS1 (N1),925,1.650000,2.050000
VS1 (N1),950,1.650000,2.050000
VS1 (N1),975,1.650000,2.060000
VS1 (N1),1000,1.650000,2.060000
VS1 (N1),1025,1.650000,2.070000
VS1 (N1),1050,1.650000,2.070000
VS1 (N1),1075,1.650000,2.080000
VS1 (N1),1100,1.650000,2.080000
VS1 (N1),1125,1.650000,2.080000
VS1 (N1),1150,1.650000,2.090000
VS1 (N1),1175,1.650000,2.090000
VS1 (N1),1200,1.650000,2.090000
VS1 (N1),1225,1.650000,2.100000
VS1 (N1),1250,1.650000,2.100000
VS1 (N1),1275,1.650000,2.100000
VS1 (N1),1300,1.650000,2.100000
VS1 (N1),1325,1.650000,2.110000
VS1 (N1),1350,1.650000,2.110000
VS1 (N1),1375,1.650000,2.110000
VS1 (N1),1400,1.650000,2.110000
VS1 (N1),1425,1.650000,2.110000
VS1 (N1),1450,1.650000,2.110000
VS1 (N1),1475,1.650000,2.120000
VS1 (N1),1500,1.650000,2.120000
VS1 (N1),1525,1.650000,2.120000
VS1 (N1),1550,1.650000,2.120000
VS1 (N1),1575,1.650000,2.120000
VS1 (N1),1600,1.650000,2.120000
VS1 (N1),1625,1.650000,2.130000
VS1 (N1),1650,1.650000,2.130000
VS1 (N1),1675,1.650000,2.130000
VS1 (N1),1700,1.650000,2.130000
VS1 (N1),1725,1.650000,2.130000
VS1 (N1),1750,1.650000,2.130000
VS1 (N1),1775,1.650000,2.130000
VS1 (N1),1800,1.650000,2.130000
VS1 (N1),1825,1.650000,2.130000
VS1 (N1),1850,1.650000,2.140000
VS1 (N1),1875,1.650000,2.140000
VS1 (N1),1900,1.650000,2.140000
VS1 (N1),1925,1.650000,2.140000
VS1 (N1),1950,1.650000,2.140000
VS1 (N1),1975,1.650000,2.140000
VS1 (N1),2000,1.650000,2.140000
VS1 (N1),2025,1.650000,2.140000
VS1 (N1),2050,1.650000,2.140000
VS1 (N1),2075,1.650000,2.140000
VS1 (N1),2100,1.650000,2.140000
VS1 (N1),2125,1.650000,2.140000
VS1 (N1),2150,1.650000,2.140000
VS1 (N1),2175,1.650000,2.140000
VS1 (N1),2200,1.650000,2.140000
VS1 (N1),2225,1.650000,2.150000
VS1 (N1),2250,1.650000,2.150000
VS1 (N1),2275,1.650000,2.150000
VS1 (N1),2300,1.650000,2.150000
VS1 (N1),2325,1.650000,2.150000
VS1 (N1),2350,1.650000,2.150000
VS1 (N1),2375,1.650000,2.150000
VS1 (N1),2400,1.650000,2.150000
VS1 (N1),2425,1.650000,2.150000
VS1 (N1),2450,1.650000,2.150000
VS1 (N1),2475,1.650000,2.150000
VS1 (N1),2500,1.650000,2.150000
VS1 (N1),2525,1.650000,2.150000
VS1 (N1),2550,1.650000,2.150000
VS1 (N1),2575,1.650000,2.150000
VS1 (N1),2600,1.650000,2.150000
VS1 (N1),2625,1.650000,2.150000
VS1 (N1),2650,1.650000,2.150000
VS1 (N1),2675,1.650000,2.150000
VS1 (N1),2700,1.650000,2.150000
VS1 (N1),2725,1.650000,2.150000
VS1 (N1),2750,1.640000,2.150000
VS1 (N1),2775,1.640000,2.150000
VS1 (N1),2800,1.640000,2.150000
VS1 (N1),2825,1.650000,2.160000
VS1 (N1),2850,1.640000,2.160000
VS1 (N1),2875,1.640000,2.160000
VS1 (N1),2900,1.640000,2.160000
VS1 (N1),2925,1.650000,2.160000
VS1 (N1),2950,1.640000,2.160000
VS1 (N1),2975,1.640000,2.160000
VS1 (N1),3000,1.640000,2.160000
VS1 (N1),3025,1.640000,2.160000
VS1 (N1),3050,1.640000,2.160000
VS1 (N1),3075,1.640000,2.160000
VS1 (N1),3100,1.640000,2.160000
VS1 (N1),3125,1.640000,2.160000
VS1 (N1),3150,1.640000,2.160000
VS1 (N1),3175,1.640000,2.160000
VS1 (N1),3200,1.640000,2.160000
VS1 (N1),3225,1.640000,2.160000
VS1 (N1),3250,1.640000,2.160000
VS1 (N1),3275,1.640000,2.160000
VS1 (N1),3300,1.640000,2.160000
VS1 (N1),3325,1.640000,2.160000
VS1 (N1),3350,1.640000,2.160000
VS1 (N1),3375,1.640000,2.160000
VS1 (N1),3400,1.640000,2.160000
VS1 (N1),3425,1.640000,2.160000
VS1 (N1),3450,1.640000,2.160000
VS1 (N1),3475,1.640000,2.160000
VS1 (N1),3500,1.640000,2.160000
VS1 (N1),3525,1.640000,2.160000
VS1 (N1),3550,1.640000,2.160000
VS1 (N1),3575,1.640000,2.160000
VS1 (N1),3600,1.640000,2.160000
VS1 (N1),3625,1.640000,2.160000
VS1 (N1),3650,1.640000,2.160000
VS1 (N1),3675,1.640000,2.160000
VS1 (N1),3700,1.640000,2.160000
VS1 (N1),3725,1.640000,2.160000
VS1 (N1),3750,1.640000,2.160000
VS1 (N1),3775,1.640000,2.170000
VS1 (N1),3800,1.640000,2.170000
VS1 (N1),3825,1.640000,2.170000
VS1 (N1),3850,1.640000,2.170000
VS1 (N1),3875,1.640000,2.170000
VS1 (N1),3900,1.640000,2.170000
VS1 (N1),3925,1.640000,2.170000
VS1 (N1),3950,1.640000,2.170000
VS1 (N1),3975,1.640000,2.170000
VS1 (N1),4000,1.640000,2.170000
VS2 (N2),100,1.660000,0.751000
VS2 (N2),125,1.670000,0.920000
VS2 (N2),150,1.680000,1.074000
VS2 (N2),175,1.680000,1.215000
VS2 (N2),200,1.690000,1.340000
VS2 (N2),225,1.680000,1.450000
VS2 (N2),250,1.680000,1.550000
VS2 (N2),275,1.680000,1.640000
VS2 (N2),300,1.680000,1.720000
VS2 (N2),325,1.680000,1.780000
VS2 (N2),350,1.680000,1.850000
VS2 (N2),375,1.670000,1.900000
VS2 (N2),400,1.670000,1.950000
VS2 (N2),425,1.670000,1.990000
VS2 (N2),450,1.670000,2.020000
VS2 (N2),475,1.670000,2.060000
VS2 (N2),500,1.670000,2.080000
VS2 (N2),525,1.660000,2.110000
VS2 (N2),550,1.660000,2.130000
VS2 (N2),575,1.660000,2.150000
VS2 (N2),600,1.660000,2.170000
VS2 (N2),625,1.660000,2.190000
VS2 (N2),650,1.660000,2.200000
VS2 (N2),675,1.660000,2.210000
VS2 (N2),700,1.660000,2.230000
VS2 (N2),725,1.660000,2.240000
VS2 (N2),750,1.660000,2.250000
VS2 (N2),775,1.660000,2.250000
VS2 (N2),800,1.660000,2.260000
VS2 (N2),825,1.650000,2.270000
VS2 (N2),850,1.650000,2.280000
VS2 (N2),875,1.650000,2.280000
VS2 (N2),900,1.650000,2.290000
VS2 (N2),925,1.650000,2.290000
VS2 (N2),950,1.650000,2.290000
VS2 (N2),975,1.650000,2.300000
VS2 (N2),1000,1.650000,2.300000
VS2 (N2),1025,1.650000,2.300000
VS2 (N2),1050,1.650000,2.310000
VS2 (N2),1075,1.650000,2.310000
VS2 (N2),1100,1.650000,2.310000
VS2 (N2),1125,1.650000,2.310000
VS2 (N2),1150,1.650000,2.310000
VS2 (N2),1175,1.650000,2.320000
VS2 (N2),1200,1.650000,2.320000
VS2 (N2),1225,1.650000,2.320000
VS2 (N2),1250,1.650000,2.320000
VS2 (N2),1275,1.650000,2.320000
VS2 (N2),1300,1.650000,2.320000
VS2 (N2),1325,1.650000,2.320000
VS2 (N2),1350,1.650000,2.320000
VS2 (N2),1375,1.650000,2.320000
VS2 (N2),1400,1.650000,2.320000
VS2 (N2),1425,1.650000,2.320000
VS2 (N2),1450,1.650000,2.320000
VS2 (N2),1475,1.650000,2.320000
VS2 (N2),1500,1.650000,2.320000
VS2 (N2),1525,1.650000,2.320000
VS2 (N2),1550,1.650000,2.320000
VS2 (N2),1575,1.650000,2.320000
VS2 (N2),1600,1.650000,2.320000
VS2 (N2),1625,1.650000,2.320000
VS2 (N2),1650,1.650000,2.320000
VS2 (N2),1675,1.650000,2.320000
VS2 (N2),1700,1.650000,2.320000
VS2 (N2),1725,1.650000,2.320000
VS2 (N2),1750,1.650000,2.320000
VS2 (N2),1775,1.650000,2.320000
VS2 (N2),1800,1.650000,2.320000
VS2 (N2),1825,1.650000,2.320000
VS2 (N2),1850,1.650000,2.310000
VS2 (N2),1875,1.650000,2.310000
VS2 (N2),1900,1.650000,2.310000
VS2 (N2),1925,1.650000,2.310000
VS2 (N2),1950,1.650000,2.310000
VS2 (N2),1975,1.650000,2.310000
VS2 (N2),2000,1.650000,2.310000
VS2 (N2),2025,1.650000,2.310000
VS2 (N2),2050,1.650000,2.310000
VS2 (N2),2075,1.650000,2.310000
VS2 (N2),2100,1.650000,2.310000
VS2 (N2),2125,1.650000,2.310000
VS2 (N2),2150,1.650000,2.300000
VS2 (N2),2175,1.650000,2.300000
VS2 (N2),2200,1.650000,2.300000
VS2 (N2),2225,1.650000,2.300000
VS2 (N2),2250,1.650000,2.300000
VS2 (N2),2275,1.650000,2.300000
VS2 (N2),2300,1.650000,2.300000
VS2 (N2),2325,1.640000,2.300000
VS2 (N2),2350,1.650000,2.300000
VS2 (N2),2375,1.650000,2.300000
VS2 (N2),2400,1.650000,2.300000
VS2 (N2),2425,1.650000,2.290000
VS2 (N2),2450,1.650000,2.290000
VS2 (N2),2475,1.650000,2.290000
VS2 (N2),2500,1.650000,2.290000
VS2 (N2),2525,1.650000,2.290000
VS2 (N2),2550,1.650000,2.290000
VS2 (N2),2575,1.650000,2.290000
VS2 (N2),2600,1.650000,2.290000
VS2 (N2),2625,1.650000,2.290000
VS2 (N2),2650,1.650000,2.290000
VS2 (N2),2675,1.640000,2.280000
VS2 (N2),2700,1.650000,2.280000
VS2 (N2),2725,1.650000,2.280000
VS2 (N2),2750,1.650000,2.280000
VS2 (N2),2775,1.640000,2.280000
VS2 (N2),2800,1.640000,2.280000
VS2 (N2),2825,1.640000,2.280000
VS2 (N2),2850,1.640000,2.280000
VS2 (N2),2875,1.650000,2.280000
VS2 (N2),2900,1.640000,2.280000
VS2 (N2),2925,1.640000,2.270000
VS2 (N2),2950,1.640000,2.270000
VS2 (N2),2975,1.640000,2.270000
VS2 (N2),3000,1.640000,2.270000
VS2 (N2),3025,1.640000,2.270000
VS2 (N2),3050,1.640000,2.270000
VS2 (N2),3075,1.640000,2.270000
VS2 (N2),3100,1.640000,2.270000
VS2 (N2),3125,1.640000,2.270000
VS2 (N2),3150,1.640000,2.270000
VS2 (N2),3175,1.640000,2.270000
VS2 (N2),3200,1.640000,2.260000
VS2 (N2),3225,1.640000,2.260000
VS2 (N2),3250,1.640000,2.260000
VS2 (N2),3275,1.640000,2.260000
VS2 (N2),3300,1.640000,2.260000
VS2 (N2),3325,1.640000,2.260000
VS2 (N2),3350,1.640000,2.260000
VS2 (N2),3375,1.640000,2.260000
VS2 (N2),3400,1.640000,2.260000
VS2 (N2),3425,1.640000,2.260000
VS2 (N2),3450,1.640000,2.260000
VS2 (N2),3475,1.640000,2.260000
VS2 (N2),3500,1.640000,2.250000
VS2 (N2),3525,1.640000,2.250000
VS2 (N2),3550,1.640000,2.250000
VS2 (N2),3575,1.640000,2.250000
VS2 (N2),3600,1.640000,2.250000
VS2 (N2),3625,1.640000,2.250000
VS2 (N2),3650,1.640000,2.250000
VS2 (N2),3675,1.640000,2.250000
VS2 (N2),3700,1.640000,2.250000
VS2 (N2),3725,1.640000,2.250000
VS2 (N2),3750,1.640000,2.250000
VS2 (N2),3775,1.640000,2.240000
VS2 (N2),3800,1.640000,2.240000
VS2 (N2),3825,1.640000,2.240000
VS2 (N2),3850,1.640000,2.240000
VS2 (N2),3875,1.640000,2.240000
VS2 (N2),3900,1.640000,2.240000
VS2 (N2),3925,1.640000,2.240000
VS2 (N2),3950,1.640000,2.240000
VS2 (N2),3975,1.640000,2.240000
VS2 (N2),4000,1.640000,2.240000
